{"sections":{"main":{"type":"full-width-page","disabled":true,"settings":{}},"slideshow_6JrxeY":{"type":"slideshow","blocks":{"image_tpTARG":{"type":"image","settings":{"image":"shopify:\/\/shop_images\/82212435_1444253645745470_5309145339062991765_n.jpg","subheading":"","title":"About My-Accessories","title_size":40,"title_width":10,"heading_h1":false,"text":"","enlarge_text":true,"button_1_link":"","button_1_label":"","button_1_style":"primary","button_2_link":"","button_2_label":"","button_2_style":"primary","text_alignment":"center center","mobile_text_alignment":"center center"}}},"block_order":["image_tpTARG"],"disabled":true,"settings":{"height":"fixed","height_desktop":320,"height_mobile":320,"full_width":true,"mobile_overlay_under":false,"image_overlay_style":"standard","slide_transition":"slide","slide_navigation":"arrows","autoplay":true,"autoplay_speed":7}},"rich_text_bjdFRD":{"type":"rich-text","settings":{"subheading":"","title":"About My-Accessories","title_size":40,"heading_h1":true,"text":"<p>A little bit of light reading about who we are, our history and how we operate as well as putting a face to all the team at My-Accessories<\/p><p>My-Accessories specialise in the supply of blank promotional and gifts items, all having the ability to insert your own artwork, craftwork and photos. Our offering of innovative, creative, high-quality products easily allows our customers to produce finished promotional and gift merchandise for giveaway or re-sale.<\/p><p><strong>Put simply, we provide blank promotional and gift items into which you insert your own artwork or photos to create truly personalised products.<\/strong><\/p>","enlarge_text":false,"button_label":"","button_link":"","button_style":"primary","text_alignment":"center","full_width":true,"no_padding":false,"color_bg":"#fafafa","alternate_bg_color":false}},"image_with_text_wnE7ff":{"type":"image-with-text","settings":{"subheading":"","title":"How we got here...","text":"<p>In 2008 the My-Accessories brand and website were acquired and became a part of the Blankproducts family that was initially started in 2006 and became a Limited entity in 2008. Each year brings enjoyment and new challenges to the team which drives us all forward. The days of working from the kitchen table and garage at the very start as happy as they were are a far cry from how we operate now, though the journey to work back then was a lot easier!<\/p><p>Our daily working practices are aligned to our company values and company mission statement, this is key to our onward journey.<\/p>","button_label":"","button_link":"","button_style":"primary","text_alignment":"center","text_width":50,"image":"shopify:\/\/shop_images\/timeline-2.jpg","image_width":100,"image_position":"right","media_size":"contain","alternate_bg_color":false}},"rich_text_UWU4jb":{"type":"rich-text","settings":{"subheading":"","title":"Company Values","title_size":40,"heading_h1":false,"text":"<p><em>Be honest – Be transparent – Be accountable – Be focused – Be forward thinking<\/em><\/p>","enlarge_text":false,"button_label":"","button_link":"","button_style":"primary","text_alignment":"center","full_width":false,"no_padding":false,"color_bg":"#f08f35","alternate_bg_color":false}},"image_with_text_HHH3aL":{"type":"image-with-text","settings":{"subheading":"","title":"","text":"<p>With continual investment into My-Accessories.co.uk, including a brand overhaul in 2019 along with regularly seeking improvements to our online presence, this allows us to deliver a seamless online buying experience for customers old and new. We have a constant focus on delivering outstanding customer service which we hope can be seen from our independent online verified customer reviews.<\/p>","button_label":"","button_link":"","button_style":"primary","text_alignment":"center","text_width":40,"image":"shopify:\/\/shop_images\/barry.png","image_width":100,"image_position":"right","media_size":"contain","alternate_bg_color":false}},"rich_text_tGK4r7":{"type":"rich-text","settings":{"subheading":"","title":"","title_size":40,"heading_h1":false,"text":"<p>We firmly believe that our customer service record and customer retention rate is key to our continuous growth and development.<\/p><p>We source products from the UK and around the world which gives us manufacturing capabilities to keep the supply of our products at the most competitive prices, as we fully appreciate that our customers profit margins are key to our long-term relationship.<\/p><p>We’ve grown to become a European market leader in the products that we sell along with shipping orders to all corners of the globe on a daily basis.<\/p><p>Distribution is carried out directly from our centrally UK located 5000 square ft office and warehouse facility in the West Midlands. We use the latest inventory and order processing software that fully integrates with our online web platforms allowing us to see your completed order in our warehouse packing area within minutes of your order being completed online.<\/p><p>We see the team as one big family at My-Accessories with everyone being challenged regularly (in a positive proactive way) to learn and improve whilst enjoying their job and having fun along the way.<\/p>","enlarge_text":false,"button_label":"","button_link":"","button_style":"primary","text_alignment":"center","full_width":true,"no_padding":false,"color_bg":"#fafafa","alternate_bg_color":false}},"rich_text_jL7XbH":{"type":"rich-text","settings":{"subheading":"","title":"Company Mission Statement","title_size":40,"heading_h1":false,"text":"<p><em>‘Inspire our customers to design and manufacture promotional and gift items in a timely and profitable way that enhances and grows their own revenue stream’<\/em><\/p>","enlarge_text":false,"button_label":"","button_link":"","button_style":"primary","text_alignment":"center","full_width":false,"no_padding":false,"color_bg":"#f08f35","alternate_bg_color":false}},"text_columns_with_images_kEhVjy":{"type":"text-columns-with-images","blocks":{"text_block_DnFpw9":{"type":"text_block","settings":{"enable_image":true,"image":"shopify:\/\/shop_images\/Peter-square.jpg","image_width":700,"title":"Peter - Managing Director","text":"<p><strong>Favourite food?<\/strong> Tough one but Indian just pips Italian to the post<\/p><p><strong>Favourite TV program?<\/strong> Ben Fogle, New lives in the wild<\/p><p><strong>Best holiday destination?<\/strong> Montenegro<\/p><p><strong>Favourite singer\/band?<\/strong> Luther Vandross<\/p><p><strong>Who would you most like to swap places with for the day?<\/strong> Shane Lowry<\/p><p><strong>Describe your job in 3 words?<\/strong> Makes things happen<\/p><p><strong>Best thing about being part of the My-Accessories Team?<\/strong> Working with like minded can do’ers<\/p>","button_label":"","link":""}},"text_block_anXw7q":{"type":"text_block","settings":{"enable_image":true,"image":"shopify:\/\/shop_images\/shelly.jpg","image_width":700,"title":"Shelly – Financial Director","text":"<p><strong>Favourite food?<\/strong> Italian<\/p><p><strong>Favourite TV program?<\/strong> Feel good programmes like First Dates, 24 Hours in A&E, The Dog House<\/p><p><strong>Best holiday destination?<\/strong> Sorrento<\/p><p><strong>Favourite singer\/band?<\/strong> Love a bit of everything apart from Rock<\/p><p><strong>Who would you most like to swap places with for the day?<\/strong> A Midwife or Paramedic<\/p><p><strong>Describe your job in 3 words?<\/strong> Company Multi Tasker<\/p><p><strong>Best thing about being part of the My-Accessories Team? <\/strong>Working with such a great group of people who genuinely care about their job and each other!<\/p>","button_label":"","link":""}},"text_block_9Dp4Lb":{"type":"text_block","settings":{"enable_image":true,"image":"shopify:\/\/shop_images\/Lee_Sansome_Headshot-square.jpg","image_width":700,"title":"Lee - Operations Manager","text":"<p><strong>Favourite food?<\/strong> Caribbean<\/p><p><strong>Favourite TV program?<\/strong> Breaking Bad<\/p><p><strong>Best holiday destination?<\/strong> Spain<\/p><p><strong>Favourite singer\/band?<\/strong> Too many! Go with genre instead, 80s Disco<\/p><p><strong>Who would you most like to swap places with for the day?<\/strong> David Attenborough<\/p><p><strong>Describe your job in 3 words?<\/strong> Chief Trouble Shooter<\/p><p><strong>Best thing about being part of the My-Accessories Team?<\/strong> Working in a great, friendly team all working together in the same direction.<\/p>","button_label":"","link":""}}},"block_order":["text_block_DnFpw9","text_block_anXw7q","text_block_9Dp4Lb"],"settings":{"title":"Our Dedicated Team","text_alignment":"left","button_style":"primary","media_shape":"natural","alternate_bg_color":false}},"text_columns_with_images_NGyMcM":{"type":"text-columns-with-images","blocks":{"text_block_zB3HPE":{"type":"text_block","settings":{"enable_image":true,"image":"shopify:\/\/shop_images\/caroline.jpg","image_width":700,"title":"Caroline – Customer Service Queen & more…","text":"<p><strong>Favourite food? <\/strong>Seafood\/Buffet, definitely a savoury over sweet person<\/p><p><strong>Favourite TV program?<\/strong> Not going to lie I am a soaps girl<\/p><p><strong>Best holiday destination?<\/strong> New York \/ Caribbean Cruise<\/p><p><strong>Favourite singer\/band?<\/strong> More of a greatest hits lover 70’s\/80’s\/90’s grew up with my mum listening to Wham, George Michael, Queen<\/p><p><strong>Who would you most like to swap places with for the day?<\/strong> Vivienne Westwood \/ If alive Coco Chanel<\/p><p><strong>Describe your job in 3 words? <\/strong>Keeping People Happy<\/p><p><strong>Best thing about being part of the My-Accessories Team? <\/strong>You never feel like you are alone, we are definitely a team.<\/p>","button_label":"","link":""}},"text_block_QWBjDc":{"type":"text_block","settings":{"enable_image":true,"image":"shopify:\/\/shop_images\/steph.jpg","image_width":700,"title":"Steph – Warehouse Operations","text":"<p><strong>Favourite food?<\/strong> Thai<\/p><p><strong>Favourite TV program?<\/strong> Squid Game \/ Comedies with Will Ferrell<\/p><p><strong>Best holiday destination? <\/strong>Aruba (Honeymoon in the south Caribbean)<\/p><p><strong>Favourite singer\/band?<\/strong> NSYNC, Backstreet Boys, any cheesy pop (I was born in the 80’s)<\/p><p><strong>Who would you most like to swap places with for the day?<\/strong> Kate Middleton<\/p><p><strong>Describe your job in 3 words? <\/strong>Backbone, Beating heart<\/p><p><strong>Best thing about being part of the My-Accessories Team?<\/strong> Being part of a warm working family that get on so well together and understand each other.<\/p>","button_label":"","link":""}},"text_block_cP4exj":{"type":"text_block","settings":{"enable_image":true,"image_width":700,"title":"Tracy - Accounts","text":"<p>Share blog posts, products, or promotions with your customers. Use this text to describe products, share details on availability and style, or as a space to display recent reviews or FAQs.<\/p>","button_label":"","link":""}}},"block_order":["text_block_zB3HPE","text_block_QWBjDc","text_block_cP4exj"],"settings":{"title":"","text_alignment":"left","button_style":"primary","media_shape":"natural","alternate_bg_color":false}},"text_columns_with_images_efRHQb":{"type":"text-columns-with-images","blocks":{"text_block_DDaPah":{"type":"text_block","settings":{"enable_image":true,"image_width":700,"title":"Archie – Software and Data Champion","text":"<p><strong>Favourite food?<\/strong> British… nothing quite beats a Sunday Roast<\/p><p><strong>Favourite TV program?<\/strong> Prison Break<\/p><p><strong>Best holiday destination?<\/strong> Subject to change but currently Albania<\/p><p><strong>Favourite singer\/band?<\/strong> Catfish and the Bottlemen<\/p><p><strong>Who would you most like to swap places with for the day?<\/strong> John McGinn<\/p><p><strong>Describe you job in 3 words? <\/strong>Google Sheets Pro<\/p><p><strong>Best thing about being part of the My-Accessories Team?<\/strong> Everyone is always willing to help one another<\/p>","button_label":"","link":""}},"text_block_nRhWTN":{"type":"text_block","settings":{"enable_image":true,"image_width":700,"title":"Woody – Head of Security","text":"<p><strong>Favourite food?<\/strong> Lashford sausages<\/p><p><strong>Favourite TV program?<\/strong> Dogs behaving badly<\/p><p><strong>Best holiday destination?<\/strong> Isle of Wight - out of season when I am allowed on the beaches<\/p><p><strong>Favourite singer\/band?<\/strong> Snoop Dogg<\/p><p><strong>Who would you most like to swap places with for the day?<\/strong> Scooby Doo<\/p><p><strong>Describe you job in 3 words? <\/strong>Sleep, sleep, sleep<\/p><p><strong>Best thing about being part of the My-Accessories Team?<\/strong> Like being a trusted member of the team and like the fact that I am allowed to manage my own time.<\/p>","button_label":"","link":""}},"text_block_PCyDzK":{"type":"text_block","settings":{"enable_image":false,"image_width":700,"title":"","text":"","button_label":"","link":""}}},"block_order":["text_block_DDaPah","text_block_nRhWTN","text_block_PCyDzK"],"settings":{"title":"","text_alignment":"left","button_style":"primary","media_shape":"natural","alternate_bg_color":false}},"17071464811c4351b4":{"type":"apps","blocks":{"reviews_io_reviewsio_card_carousel_zGzaaE":{"type":"shopify:\/\/apps\/reviews-io\/blocks\/reviewsio-card-carousel\/92a082e5-b297-4e88-b428-ac96cbc505f9","settings":{"star":"#f08f35","review_type":"company","reviews_shown":20,"header_bg_colour":"#f08f35","header_colour":"#ffffff","header_star_colour":"#ffffff","heading_text_colour":"#656565","heading_font":"ubuntu_n4","body_text_colour":"#656565","badge_icon_colour":"#f08f35","badge_text_colour":"#656565","bg_start_colour":"#ffffff","bg_end_colour":"#ffffff","item_border_width":"0px","item_border_colour":"#000000","item_border_radius":"0px","item_shadow_size":"10px","item_shadow_colour":"#000000","enable_rich_snippets":false,"disable_same_customer":false,"logo_colour":"var(--logo-inverted)"}}},"block_order":["reviews_io_reviewsio_card_carousel_zGzaaE"],"settings":{}}},"order":["main","slideshow_6JrxeY","rich_text_bjdFRD","image_with_text_wnE7ff","rich_text_UWU4jb","image_with_text_HHH3aL","rich_text_tGK4r7","rich_text_jL7XbH","text_columns_with_images_kEhVjy","text_columns_with_images_NGyMcM","text_columns_with_images_efRHQb","17071464811c4351b4"]}