{"current":{"header_col":"#656565","body_text_col":"#666666","links_col":"#f49100","site_bg_col":"#ffffff","cart_summary_bg_col":"#ffffff","star_col":"#f49100","feature_col":"#f49100","feature_over_col":"#ffffff","divider_col":"#d3d3d3","image_overlay_bg_col":"#000000","image_overlay_opacity":40,"alt_bg_col":"#f9f7f4","alt_bg_text_col":"#212326","announcement_col_bar":"#eeeeee","announcement_col_text":"#666666","toolbar_col_bg":"#ffffff","toolbar_col_text":"#666666","nav_accent_col":"#f49100","nav_main_bg_col":"#656565","nav_main_col":"#ffffff","nav_main_hover_col":"#f49100","nav_featured_col":"#f49100","mob_nav_bg":"#ffffff","mob_nav_text":"#666666","coll_header_bg_col":"#eeeeee","coll_header_heading_col":"#656565","coll_header_text_col":"#666666","product_block_bg_col":"#ffffff","product_block_image_bg_col":"#ffffff","sale_label_bg_col":"#f49100","new_in_label_bg_col":"#656565","sold_out_label_bg_col":"#000000","low_inv_label_bg_col":"#656565","foot_bg_col":"#656565","foot_text_col":"#ffffff","foot_links_col":"#ffffff","popup_text_col":"#ffffff","popup_background_col":"#f49100","type_base_font":"ubuntu_n4","type_heading_font":"serif","capitalize_headings":false,"type_nav_font":"ubuntu_n3","type_logo_font":"serif","font_size_body_int":16,"font_size_nav_int":18,"font_size_heading_int":32,"btn_style":"normal","btn_shape":"slightly_rounded","prod_thumb_shape":"1","prod_thumb_gutter":"10","prod_thumb_gap":"15","prod_thumb_show_border":true,"product_grid_hover_image":true,"product_grid_show_weight":false,"product_grid_show_reviews":false,"prod_block_layout":"above align-center","label_sale_show":false,"label_soldout_show":false,"label_remain_show":false,"prod_stock_warn_limit_int":5,"label_new_in_show":false,"prod_new_method":"tag","prod_new_in_limit_int":2,"prod_quantity_controls":"standard","prod_quick_buy_show":false,"prod_quick_buy_type":"in-page","prod_quick_buy_pos":"middle","collection_thumb_shape":"1","collection_text_alignment":"center","swatch_enabled":true,"swatch_option_name":"Colour","swatch_method":"standard","swatch_value_list":"Black:#000000\nAnthracite:#353C40\nBlue:#0000FF\nLight Blue:#ADD8E6\nTurquoise:#40E0D0\nRed:#ff0000\nMetallic Red:#a62c2b\nWhite:#ffffff\nGreen:#00FF00\nLime:#32CD32\nNatural:#997950\nYellow:#FFFF00\nPink:#FFC0CB\nChrome:#a8a9ad\nClear:#FAF9F6\nGold:#FFD700\nGrey:#808080\nRose Gold:#B76E79\nSilver:#C0C0C0","prod_thumb_show_options":true,"swatch_show_filters":false,"swatch_shape":"natural","search_type":"product","enable_live_search":true,"live_search_search_meta":true,"favicon":"shopify:\/\/shop_images\/my-acc-favicon-nobg.png","social_twitter_url":"https:\/\/twitter.com\/my_accessorie_s","social_facebook_url":"https:\/\/www.facebook.com\/myaccessoriesuk\/","social_instagram_url":"https:\/\/www.instagram.com\/my_accessoriesuk\/","social_youtube_url":"https:\/\/www.youtube.com\/blankproducts_my-accessories","social_pinterest_url":"https:\/\/www.pinterest.co.uk\/myaccessories_uk\/","social_linkedin_url":"https:\/\/www.linkedin.com\/company\/myaccessories-co-uk\/","section_padding":"medium","cart_type":"drawer-dynamic","open_drawer_on_mobile":false,"currency_code_enabled":false,"cart_currency_code_enabled":false,"checkout_logo_image":"shopify:\/\/shop_images\/my-acc-logo.png","checkout_logo_position":"left","checkout_logo_size":"medium","checkout_body_background_color":"#fff","checkout_input_background_color_mode":"white","checkout_sidebar_background_color":"#fafafa","checkout_heading_font":"-apple-system, BlinkMacSystemFont, 'Segoe UI', Roboto, Helvetica, Arial, sans-serif, 'Apple Color Emoji', 'Segoe UI Emoji', 'Segoe UI Symbol'","checkout_body_font":"-apple-system, BlinkMacSystemFont, 'Segoe UI', Roboto, Helvetica, Arial, sans-serif, 'Apple Color Emoji', 'Segoe UI Emoji', 'Segoe UI Symbol'","checkout_accent_color":"#f49100","checkout_button_color":"#f49100","checkout_error_color":"#ff0000","enable_section_dividers":false,"prod_buy_show_quantity":true,"site_border_col":"#ff0000","site_border_thickness":0,"nav_drop_bg_col":"#e5e2d4","nav_drop_link_col":"#6a5b5c","nav_drop_link_hover_col":"#5c8018","logo_col":"#6a5b5c","prod_sale_price_col":"#89c21e","homepage_divider_col":"rgba(0,0,0,0)","nav_drop_heading_col":"#6a5b5c","sale_label_text_col":"#ffffff","new_in_label_text_col":"#ffffff","sold_out_label_text_col":"#ffffff","low_inv_label_text_col":"#ffffff","prod_thumb_border":"border","product_form_ajax":"true","side_cart_summary_visibility":"always","enable_cart_notes":false,"show_tax_and_shipping":true,"show_additional_checkout_buttons":false,"cart_summary_image_show":true,"cart_summary_image_text_color":"#ffffff","cart_summary_image_tint_color":"#6b5b5c","cart_summary_image_tint_opacity":25,"bg_alignment":"repeat-x","sections":{"header":{"type":"header","settings":{"sticky_header":true,"social_links_mob":true,"logo":"{{ shop.brand.logo }}","logo_width":250,"mobile_logo_width":150,"logo_location":"toolbar","header_layout":"left","menu_linklist":"main-menu","mobile_parent_text_tap":"drilldown","nav_alignment":"center","nav_col_limit_int":10,"nav_featured_link":"","cart_icon":"cart","search_bar":"input","search_text_box_large":true,"search_type_dropdown":false}},"footer":{"type":"footer","settings":{"footer_complexity":"columns","footer_payment_icons":true,"show_footer_logo":false,"text_content":"<h5>Contact Us<\/h5><p>Address: Unit C9, OYO Business Units, 187 Park Lane, Birmingham, West Midlands B35 6AN UK. United Kingdom<\/p><p>Phone: <a href=\"tel:01217481784\" title=\"tel:01217481784\">0121 748 1784<\/a><\/p><p>Email: <a href=\"mailto:hello@my-accessories.co.uk\" title=\"mailto:hello@my-accessories.co.uk\">hello@my-accessories.co.uk<\/a><\/p>","footer_linklist":"footer","footer_linklist2":"help","footer_linklist3":"help-info","footer_display_newsletter":true,"newsletter_text":"<h4>Subscribe to Newsletter<\/h4><p>Be the first to know about new products, events and offers.<br\/>By choosing to sign up, you will join our mailing list. You can opt out at any time.<\/p>","show_country_selector":true,"show_language_selector":false}},"cart-drawer":{"type":"cart-drawer","settings":{"enable_cart_notes":false,"show_tax_and_shipping":false,"checkout_sticky_form":true,"show_additional_checkout_buttons":false,"enable_empty_cart":false,"checkout_goes_to_cart":true,"cart_terms_page":"","promo_products_show":false,"promo_products_heading":"You might like","promo_products_product_1":"","promo_products_product_2":"","cart_summary_image_show":false,"cart_summary_use_tint":true,"cart_summary_image_url":"","cart_summary_image_heading":"Promotion","cart_summary_image_subheading":"Read more"}},"popup":{"type":"popup","settings":{"mode":"enabled","popup_delay_seconds":6,"popup_dismiss_for_days":30,"position":"bottom-right","title":"Subscribe to our newsletter","text":"<p>Be the first to know about new products, events and offers. By choosing to sign up, you will join our mailing list. You can opt out at any time.<\/p>","show_newsletter":true,"show_social_icons":true}},"announcement-bar":{"type":"announcement-bar","settings":{"announcement_show":true,"shipping_show":true,"announcement_home_only":false,"announcement_text":"","announcement_link":"","show_social_icons":true,"show_country_selector":true,"show_language_selector":false}},"text-with-icon-slider":{"type":"text-with-icon-slider","settings":{"firstlink":"#","image1":"<svg fill=\"#fab45c\" width=\"64px\" height=\"64px\" viewbox=\"0 0 32.00 32.00\" id=\"icon\" xmlns=\"http:\/\/www.w3.org\/2000\/svg\" stroke=\"#fab45c\" stroke-width=\"0.00032\"><g id=\"SVGRepo_bgCarrier\" stroke-width=\"0\"><\/g><g id=\"SVGRepo_tracerCarrier\" stroke-linecap=\"round\" stroke-linejoin=\"round\" stroke=\"#CCCCCC\" stroke-width=\"0.256\"><\/g><g id=\"SVGRepo_iconCarrier\"> <defs> <style> .cls-1 { fill: none; } <\/style> <\/defs> <path d=\"M29.4819,8.624l-10-5.5a1,1,0,0,0-.9638,0l-10,5.5a1,1,0,0,0,0,1.752L18,15.5913V26.3086l-3.0362-1.6693L14,26.3912l4.5181,2.4848a.9984.9984,0,0,0,.9638,0l10-5.5A1,1,0,0,0,30,22.5V9.5A1,1,0,0,0,29.4819,8.624ZM19,5.1416,26.9248,9.5,19,13.8584,11.0752,9.5Zm9,16.7671-8,4.4V15.5913l8-4.4Z\"><\/path> <rect x=\"2\" y=\"14\" width=\"8\" height=\"2\" transform=\"translate(12 30) rotate(-180)\"><\/rect> <rect x=\"4\" y=\"22\" width=\"8\" height=\"2\" transform=\"translate(16 46) rotate(-180)\"><\/rect> <rect x=\"6\" y=\"18\" width=\"8\" height=\"2\" transform=\"translate(20 38) rotate(-180)\"><\/rect> <rect id=\"_Transparent_Rectangle_\" data-name=\"&lt;Transparent Rectangle&gt;\" class=\"cls-1\" width=\"32\" height=\"32\"><\/rect> <\/g><\/svg>","text1":"FREE UK Delivery","discription1":"on all orders over £120","secondlink":"#","image2":"<svg viewbox=\"0 0 24 24\" fill=\"none\" class=\"re\" xmlns=\"http:\/\/www.w3.org\/2000\/svg\"><g id=\"SVGRepo_bgCarrier\" stroke-width=\"0\"><\/g><g id=\"SVGRepo_tracerCarrier\" stroke-linecap=\"round\" stroke-linejoin=\"round\"><\/g><g id=\"SVGRepo_iconCarrier\"> <path d=\"M7 9H17M7 13H17M21 20L17.6757 18.3378C17.4237 18.2118 17.2977 18.1488 17.1656 18.1044C17.0484 18.065 16.9277 18.0365 16.8052 18.0193C16.6672 18 16.5263 18 16.2446 18H6.2C5.07989 18 4.51984 18 4.09202 17.782C3.71569 17.5903 3.40973 17.2843 3.21799 16.908C3 16.4802 3 15.9201 3 14.8V7.2C3 6.07989 3 5.51984 3.21799 5.09202C3.40973 4.71569 3.71569 4.40973 4.09202 4.21799C4.51984 4 5.0799 4 6.2 4H17.8C18.9201 4 19.4802 4 19.908 4.21799C20.2843 4.40973 20.5903 4.71569 20.782 5.09202C21 5.51984 21 6.0799 21 7.2V20Z\" stroke=\"#f08f35\" stroke-width=\"2\" stroke-linecap=\"round\" stroke-linejoin=\"round\"><\/path> <\/g><\/svg>","text2":"Need help? Call 0121 748 1784","discription2":"Mon-Thurs 9.30am -3.30pm | Fri 9.30am - 3pm","thirdlink":"","review":"<div style=\"height:51px;position:relative;top:-5px;\">\n<script src=\"https:\/\/widget.reviews.io\/badge-ribbon\/dist.js\"><\/script>\n<div id=\"badge-ribbon\"><\/div>\n<script>\n    reviewsBadgeRibbon(\"badge-ribbon\", {\n        store: \"my-accessories\",\n        size: \"small\",\n        \n        \n    });\n<\/script>\n<\/div>"}},"top-announcement-bar":{"type":"top-announcement-bar","settings":{"announcement_show":false,"announcement_home_only":false,"announcement_text":"Festive Period Shutdown: 20th Dec - 2nd Jan 2025. Last orders by 1pm, 20th Dec. Next despatch date 2nd Jan.","announcement_link":"","color_text":"#ffffff","color_bg":"#a2191d"}}},"content_for_index":[],"blocks":{"15623156175785154009":{"type":"shopify:\/\/apps\/qikify-smart-menu-mega-menu\/blocks\/app-embed\/19d2f1cd-1836-4a32-8937-03df3c601dc8","disabled":false,"settings":{}},"10830403595879607806":{"type":"shopify:\/\/apps\/reviews-io\/blocks\/reviewsio-core\/92a082e5-b297-4e88-b428-ac96cbc505f9","disabled":false,"settings":{"url_key":"my-accessories","lang":"auto"}},"6406956604159796213":{"type":"shopify:\/\/apps\/smartseo\/blocks\/smartseo\/7b0a6064-ca2e-4392-9a1d-8c43c942357b","disabled":false,"settings":{}},"15683396631634586217":{"type":"shopify:\/\/apps\/inbox\/blocks\/chat\/841fc607-4181-4ad1-842d-e24d7f8bad6b","disabled":false,"settings":{"button_color":"#f49100","secondary_color":"#ffffff","ternary_color":"#6a6a6a","button_icon":"chat_bubble","button_text":"chat_with_us","button_horizontal_position":"bottom_right","button_vertical_position":"lowest","greeting_message":""}},"4976129024724438625":{"type":"shopify:\/\/apps\/smartseo\/blocks\/brokenLinkDetection\/7b0a6064-ca2e-4392-9a1d-8c43c942357b","disabled":false,"settings":{}}}},"presets":{"Elegant":{"header_col":"#343434","body_text_col":"#616161","links_col":"#ff6600","site_bg_col":"#ffffff","cart_summary_bg_col":"#ffffff","feature_col":"#e76f51","feature_over_col":"#ffffff","divider_col":"#f5f5f5","image_overlay_bg_col":"#41241a","image_overlay_opacity":12,"alt_bg_col":"#f3ede8","alt_bg_text_col":"#343434","announcement_col_bar":"#e2e4ed","announcement_col_text":"#414141","toolbar_col_bg":"#ffffff","toolbar_col_text":"#191817","nav_accent_col":"#e76f51","nav_main_bg_col":"#ffffff","nav_main_col":"#787a7c","nav_main_hover_col":"#ff6600","nav_featured_col":"#ff6600","mob_nav_bg":"#ffffff","mob_nav_text":"#343434","coll_header_bg_col":"#fbeddf","coll_header_heading_col":"#343434","coll_header_text_col":"#343434","product_block_bg_col":"#ffffff","product_block_image_bg_col":"#ffffff","sale_label_bg_col":"#ff6600","new_in_label_bg_col":"#964233","sold_out_label_bg_col":"#343434","low_inv_label_bg_col":"#343434","foot_bg_col":"#f3ede8","foot_text_col":"#6b6b6b","foot_links_col":"#343434","popup_text_col":"#343434","popup_background_col":"#ffffff","type_base_font":"optima_nova_n4","type_heading_font":"zurich_extended_n7","capitalize_headings":true,"type_nav_font":"optima_nova_n4","type_logo_font":"tenor_sans_n4","font_size_body_int":15,"font_size_nav_int":15,"font_size_heading_int":24,"btn_style":"normal","btn_shape":"lozenge","prod_thumb_shape":"1","prod_thumb_gutter":"40","prod_thumb_gap":"20","prod_thumb_show_border":false,"product_grid_hover_image":true,"product_grid_show_weight":false,"prod_block_layout":"above align-center","label_sale_show":true,"prod_sale_method":"percentage","label_soldout_show":true,"label_remain_show":true,"prod_stock_warn_limit_int":4,"label_new_in_show":true,"prod_new_method":"collection","prod_new_in_limit_int":7,"prod_quantity_controls":"standard","prod_quick_buy_show":true,"prod_quick_buy_type":"hover","prod_quick_buy_pos":"bottomcorner","superscript_decimals":false,"collection_thumb_shape":"circle","collection_image_position":"center center","collection_text_alignment":"center","search_type":"product,article,page","social_twitter_url":"https:\/\/twitter.com\/shopify","social_facebook_url":"https:\/\/facebook.com\/shopify","social_youtube_url":"https:\/\/youtube.com\/user\/shopify","section_padding":"large","cart_type":"drawer-dynamic","checkout_logo_position":"center","checkout_logo_size":"small","checkout_body_background_color":"#fff","checkout_input_background_color_mode":"white","checkout_sidebar_background_color":"#fbeddf","checkout_heading_font":"-apple-system, BlinkMacSystemFont, 'Segoe UI', Roboto, Helvetica, Arial, sans-serif, 'Apple Color Emoji', 'Segoe UI Emoji', 'Segoe UI Symbol'","checkout_body_font":"-apple-system, BlinkMacSystemFont, 'Segoe UI', Roboto, Helvetica, Arial, sans-serif, 'Apple Color Emoji', 'Segoe UI Emoji', 'Segoe UI Symbol'","checkout_accent_color":"#ff6600","checkout_button_color":"#ff6600","checkout_error_color":"#964233","enable_section_dividers":false,"prod_buy_show_quantity":true,"site_border_col":"#6a5b5c","site_border_thickness":0,"nav_drop_bg_col":"#f4f2e9","nav_drop_link_col":"#6a5b5c","nav_drop_link_hover_col":"#5c8018","logo_col":"#6a5b5c","prod_sale_price_col":"#89c21e","homepage_divider_col":"rgba(0,0,0,0)","nav_drop_heading_col":"#6a5b5c","sale_label_text_col":"#ffffff","new_in_label_text_col":"#ffffff","sold_out_label_text_col":"#ffffff","low_inv_label_text_col":"#ffffff","prod_thumb_border":"border","product_form_ajax":"true","side_cart_summary_visibility":"always","enable_cart_notes":false,"show_tax_and_shipping":true,"show_additional_checkout_buttons":false,"cart_summary_image_show":true,"cart_summary_image_text_color":"#ffffff","cart_summary_image_tint_color":"#6b5b5c","cart_summary_image_tint_opacity":25,"star_col":"#FF6600","sections":{"header":{"type":"header","settings":{"sticky_header":true,"social_links_mob":true,"logo":"{{ shop.brand.logo }}","logo_width":160,"mobile_logo_width":120,"logo_location":"toolbar","header_layout":"center","mobile_parent_text_tap":"drilldown","nav_alignment":"center","nav_col_limit_int":8,"cart_icon":"basket2","search_bar":"icon","search_text_box_large":true,"search_type_dropdown":true}},"footer":{"type":"footer","settings":{"footer_complexity":"columns","footer_payment_icons":true,"show_footer_logo":true,"footer_display_newsletter":true,"show_language_selector":true,"show_country_selector":true}},"popup":{"type":"popup","settings":{"mode":"enabled","popup_delay_seconds":8,"popup_dismiss_for_days":30,"position":"bottom-right","show_newsletter":true,"show_social_icons":true}},"cart-drawer":{"type":"cart-drawer","settings":{"enable_cart_notes":true,"show_tax_and_shipping":false,"checkout_sticky_form":true,"show_additional_checkout_buttons":false,"enable_empty_cart":false,"checkout_goes_to_cart":true,"promo_products_show":false,"cart_summary_image_show":true,"cart_summary_use_tint":true}},"announcement-bar":{"type":"announcement-bar","settings":{"announcement_show":true,"announcement_home_only":false,"show_social_icons":true,"show_language_selector":true,"show_country_selector":true}}}},"Glow":{"header_col":"#1b1b1b","body_text_col":"#1b1b1b","links_col":"#1b1b1b","site_bg_col":"#ffffff","cart_summary_bg_col":"#ffffff","star_col":"#ff4eed","feature_col":"#1b1b1b","feature_over_col":"#ffffff","divider_col":"#f4f4f4","image_overlay_bg_col":"#1b1b1b","image_overlay_opacity":24,"alt_bg_col":"#f4f4f4","alt_bg_text_col":"#1b1b1b","announcement_col_bar":"#1b1b1b","announcement_col_text":"#ffffff","toolbar_col_bg":"#ffffff","toolbar_col_text":"#1b1b1b","nav_accent_col":"#ff4eed","nav_main_bg_col":"#ffffff","nav_main_col":"#1b1b1b","nav_main_hover_col":"#5e5e5e","nav_featured_col":"#ff4eed","mob_nav_bg":"#ffffff","mob_nav_text":"#1b1b1b","coll_header_bg_col":"#ffffff","coll_header_heading_col":"#1b1b1b","coll_header_text_col":"#1b1b1b","product_block_bg_col":"#ffffff","product_block_image_bg_col":"#ffffff","sale_label_bg_col":"#ff4eed","new_in_label_bg_col":"#ca4eff","sold_out_label_bg_col":"#1b1b1b","low_inv_label_bg_col":"#5e5e5e","foot_bg_col":"#1b1b1b","foot_text_col":"#ffffff","foot_links_col":"#ffffff","popup_text_col":"#1b1b1b","popup_background_col":"#ffffff","type_base_font":"neue_haas_unica_n4","type_heading_font":"fs_koopman_i9","capitalize_headings":false,"type_nav_font":"neue_haas_unica_n4","type_logo_font":"archivo_n6","font_size_body_int":16,"font_size_nav_int":16,"font_size_heading_int":32,"btn_style":"uppercase","btn_shape":"slightly_rounded","prod_thumb_shape":"natural","prod_thumb_gutter":"10","prod_thumb_gap":"20","prod_thumb_show_border":false,"product_grid_hover_image":true,"product_grid_show_weight":false,"prod_block_layout":"above","label_sale_show":true,"prod_sale_method":"percentage","label_soldout_show":true,"label_remain_show":true,"prod_stock_warn_limit_int":4,"label_new_in_show":true,"prod_new_method":"tag","prod_new_in_limit_int":7,"prod_quantity_controls":"standard","prod_quick_buy_show":true,"prod_quick_buy_type":"hover","prod_quick_buy_pos":"bottomcorner","swatch_enabled":true,"swatch_option_name":"Colour","swatch_method":"image","prod_thumb_show_options":true,"swatch_show_filters":false,"swatch_shape":"natural","swatch_shape_grid":"circle","search_type":"product,article,page","live_search_show_vendor":true,"social_twitter_url":"https:\/\/twitter.com\/shopify","social_facebook_url":"https:\/\/facebook.com\/shopify","social_youtube_url":"https:\/\/youtube.com\/user\/shopify","social_instagram_url":"https:\/\/www.instagram.com\/shopify\/","social_tiktok_url":"https:\/\/tiktok.com\/@shopify?","section_padding":"large","cart_type":"drawer-dynamic","superscript_decimals":true,"enable_section_dividers":false,"prod_buy_show_quantity":true,"site_border_col":"#6a5b5c","site_border_thickness":0,"nav_drop_bg_col":"#f4f2e9","nav_drop_link_col":"#6a5b5c","nav_drop_link_hover_col":"#5c8018","logo_col":"#6a5b5c","prod_sale_price_col":"#89c21e","homepage_divider_col":"rgba(0,0,0,0)","nav_drop_heading_col":"#6a5b5c","sale_label_text_col":"#ffffff","new_in_label_text_col":"#ffffff","sold_out_label_text_col":"#ffffff","low_inv_label_text_col":"#ffffff","prod_thumb_border":"border","product_form_ajax":"true","side_cart_summary_visibility":"always","enable_cart_notes":false,"show_tax_and_shipping":true,"show_additional_checkout_buttons":false,"cart_summary_image_show":true,"cart_summary_image_text_color":"#ffffff","cart_summary_image_tint_color":"#6b5b5c","cart_summary_image_tint_opacity":25,"sections":{"header":{"type":"header","settings":{"sticky_header":true,"social_links_mob":true,"logo":"{{ shop.brand.logo }}","compact_logo":"{{ shop.brand.logo }}","logo_width":105,"mobile_logo_width":75,"logo_location":"toolbar","header_layout":"center","mobile_parent_text_tap":"drilldown","nav_alignment":"center","nav_col_limit_int":9,"nav_featured_link":"Sale","cart_icon":"basket2","search_bar":"icon","search_text_box_large":false,"search_type_dropdown":true}},"footer":{"type":"footer","settings":{"footer_complexity":"columns","footer_payment_icons":true,"show_footer_logo":true,"footer_display_newsletter":false,"show_country_selector":true,"show_language_selector":true}},"product-recommendations":{"type":"product-recommendations","settings":{"grid_show_vendor":false,"products_per_row":5}},"popup":{"type":"popup","settings":{"mode":"enabled","popup_delay_seconds":8,"popup_dismiss_for_days":30,"position":"bottom-right","show_newsletter":true,"show_social_icons":true}},"cart-drawer":{"type":"cart-drawer","settings":{"enable_cart_notes":true,"show_tax_and_shipping":false,"checkout_sticky_form":true,"show_additional_checkout_buttons":true,"enable_empty_cart":false,"checkout_goes_to_cart":true,"promo_products_show":true,"cart_summary_image_show":true,"cart_summary_use_tint":true}},"announcement-bar":{"type":"announcement-bar","settings":{"announcement_show":true,"announcement_home_only":false,"show_social_icons":true,"show_country_selector":true,"show_language_selector":true}}}},"Natural":{"header_col":"#6a5b5c","body_text_col":"#2c2528","links_col":"#6a5b5c","site_bg_col":"#ffffff","cart_summary_bg_col":"#ffffff","feature_col":"#5c8018","feature_over_col":"#ffffff","divider_col":"#e2e2e2","image_overlay_bg_col":"#2c2528","image_overlay_opacity":28,"alt_bg_col":"#f4f2e9","alt_bg_text_col":"#2c2528","announcement_col_bar":"#5c8018","announcement_col_text":"#f4f2e9","toolbar_col_bg":"#174733","toolbar_col_text":"#f4f2e9","nav_accent_col":"#89c21e","nav_main_bg_col":"#ffffff","nav_main_col":"#2c2528","nav_main_hover_col":"#5c8018","mob_nav_bg":"#f4f2e9","mob_nav_text":"#2c2528","coll_header_bg_col":"#f4f2e9","coll_header_heading_col":"#5c8018","coll_header_text_col":"#2c2528","product_block_bg_col":"#ffffff","product_block_image_bg_col":"#ffffff","sale_label_bg_col":"#89c21e","new_in_label_bg_col":"#5c8018","sold_out_label_bg_col":"#2c2528","low_inv_label_bg_col":"#7f7f7f","foot_bg_col":"#f4f2e9","foot_text_col":"#2c2528","foot_links_col":"#2c2528","popup_text_col":"#2c2528","popup_background_col":"#f4f2e9","type_base_font":"gill_sans_nova_n3","type_heading_font":"gill_sans_nova_n4","type_nav_font":"gill_sans_nova_n3","type_logo_font":"gill_sans_nova_n4","font_size_body_int":16,"font_size_nav_int":17,"font_size_heading_int":28,"btn_shape":"slightly_rounded","prod_thumb_shape":"1","prod_thumb_gutter":"20","prod_thumb_gap":"10","prod_thumb_show_border":true,"product_grid_hover_image":true,"product_grid_show_weight":true,"prod_block_layout":"above align-center","label_sale_show":true,"label_soldout_show":true,"label_remain_show":true,"prod_stock_warn_limit_int":4,"label_new_in_show":true,"prod_new_method":"tag","prod_new_in_limit_int":7,"prod_quantity_controls":"realtime","prod_quick_buy_show":true,"prod_quick_buy_type":"in-page","prod_quick_buy_pos":"middle","search_type":"product,article,page","section_padding":"medium","enable_section_dividers":false,"cart_type":"drawer-always","checkout_logo_position":"center","checkout_logo_size":"small","checkout_body_background_color":"#fff","checkout_input_background_color_mode":"white","checkout_sidebar_background_color":"#f4f2e9","checkout_heading_font":"-apple-system, BlinkMacSystemFont, 'Segoe UI', Roboto, Helvetica, Arial, sans-serif, 'Apple Color Emoji', 'Segoe UI Emoji', 'Segoe UI Symbol'","checkout_body_font":"-apple-system, BlinkMacSystemFont, 'Segoe UI', Roboto, Helvetica, Arial, sans-serif, 'Apple Color Emoji', 'Segoe UI Emoji', 'Segoe UI Symbol'","checkout_accent_color":"#5c8018","checkout_button_color":"#5c8018","checkout_error_color":"#cd8024","prod_buy_show_quantity":true,"site_border_col":"#6a5b5c","site_border_thickness":0,"nav_drop_bg_col":"#f4f2e9","nav_drop_link_col":"#6a5b5c","nav_drop_link_hover_col":"#5c8018","logo_col":"#6a5b5c","prod_sale_price_col":"#89c21e","homepage_divider_col":"rgba(0,0,0,0)","nav_drop_heading_col":"#6a5b5c","sale_label_text_col":"#ffffff","new_in_label_text_col":"#ffffff","sold_out_label_text_col":"#ffffff","low_inv_label_text_col":"#ffffff","prod_thumb_border":"border","product_form_ajax":"true","side_cart_summary_visibility":"always","enable_cart_notes":false,"show_tax_and_shipping":true,"show_additional_checkout_buttons":false,"cart_summary_image_show":true,"cart_summary_image_text_color":"#ffffff","cart_summary_image_tint_color":"#6b5b5c","cart_summary_image_tint_opacity":25,"star_col":"#F6C347","sections":{"header":{"type":"header","settings":{"sticky_header":true,"social_links_mob":false,"logo":"{{ shop.brand.logo }}","logo_width":130,"mobile_logo_width":120,"logo_location":"toolbar","header_layout":"left","nav_alignment":"center","nav_col_limit_int":8,"cart_icon":"cart","search_bar":"input_desktop","search_text_box_large":true,"search_type_dropdown":true}},"footer":{"type":"footer","settings":{"footer_complexity":"columns","show_footer_logo":true,"footer_display_newsletter":true,"show_country_selector":false,"show_language_selector":false}},"product-recommendations":{"type":"product-recommendations","settings":{"grid_show_vendor":false,"products_per_row":5}},"cart-drawer":{"type":"cart-drawer","settings":{"enable_cart_notes":true,"show_tax_and_shipping":false,"checkout_sticky_form":true,"show_additional_checkout_buttons":false,"enable_empty_cart":false,"checkout_goes_to_cart":true,"promo_products_show":false,"cart_summary_image_show":true,"cart_summary_use_tint":true}},"popup":{"type":"popup","settings":{"mode":"enabled","popup_delay_seconds":8,"popup_dismiss_for_days":30,"position":"bottom-right","show_newsletter":true,"show_social_icons":true}},"announcement-bar":{"type":"announcement-bar","settings":{"announcement_show":true,"announcement_home_only":false,"show_social_icons":false,"show_country_selector":true,"show_language_selector":true}}}},"Light":{"header_col":"#212326","body_text_col":"#6b7177","links_col":"#0096a6","site_bg_col":"#ffffff","cart_summary_bg_col":"#ffffff","feature_col":"#0096a6","feature_over_col":"#ffffff","divider_col":"#ede8dd","image_overlay_bg_col":"#212326","image_overlay_opacity":17,"alt_bg_col":"#f9f7f4","alt_bg_text_col":"#212326","announcement_col_bar":"#1a237e","announcement_col_text":"#ffffff","toolbar_col_bg":"#001d3d","toolbar_col_text":"#ffffff","nav_accent_col":"#0096a6","nav_main_bg_col":"#f9f7f4","nav_main_col":"#2c2528","nav_main_hover_col":"#0096a6","nav_featured_col":"#534bae","mob_nav_bg":"#ffffff","mob_nav_text":"#212326","coll_header_bg_col":"#f9f7f4","coll_header_heading_col":"#212326","coll_header_text_col":"#6b7177","product_block_bg_col":"#ffffff","product_block_image_bg_col":"#ffffff","sale_label_bg_col":"#bf360c","new_in_label_bg_col":"#534bae","sold_out_label_bg_col":"#212326","low_inv_label_bg_col":"#3e2723","foot_bg_col":"#001d3d","foot_text_col":"#faf9f6","foot_links_col":"#faf9f6","popup_text_col":"#6b7177","type_base_font":"itc_johnston_n3","type_heading_font":"josefin_sans_n7","capitalize_headings":false,"type_nav_font":"josefin_sans_n4","type_logo_font":"gill_sans_nova_n8","font_size_body_int":15,"font_size_nav_int":16,"font_size_heading_int":26,"btn_style":"normal","btn_shape":"slightly_rounded","prod_thumb_shape":"1","prod_thumb_gutter":"40","prod_thumb_gap":"20","prod_thumb_show_border":false,"product_grid_hover_image":true,"product_grid_show_weight":false,"prod_block_layout":"above align-center","label_sale_show":true,"label_soldout_show":false,"label_remain_show":true,"prod_stock_warn_limit_int":5,"label_new_in_show":false,"prod_new_in_limit_int":2,"prod_quantity_controls":"standard","prod_quick_buy_show":true,"prod_quick_buy_type":"in-page","prod_quick_buy_pos":"middle","collection_thumb_shape":"circle","collection_text_alignment":"center","search_type":"product","live_search_search_meta":true,"social_twitter_url":"https:\/\/twitter.com\/shopify","social_facebook_url":"https:\/\/facebook.com\/shopify","social_pinterest_url":"https:\/\/pinterest.com\/shopify","social_instagram_url":"https:\/\/instagram.com\/shopify","section_padding":"large","cart_type":"drawer-dynamic","checkout_logo_position":"center","checkout_logo_size":"small","checkout_sidebar_background_color":"#fafafa","checkout_accent_color":"#1878b9","checkout_button_color":"#ff0000","checkout_error_color":"#ff0000","enable_section_dividers":false,"site_border_col":"#ff0000","site_border_thickness":0,"logo_col":"#6a5b5c","prod_sale_price_col":"#89c21e","nav_drop_bg_col":"#e5e2d4","nav_drop_link_col":"#6a5b5c","nav_drop_link_hover_col":"#5c8018","nav_drop_heading_col":"#6a5b5c","homepage_divider_col":"rgba(0,0,0,0)","sale_label_text_col":"#ffffff","new_in_label_text_col":"#ffffff","sold_out_label_text_col":"#ffffff","low_inv_label_text_col":"#ffffff","bg_alignment":"repeat-x","prod_thumb_border":"border","star_col":"#F6C347","sections":{"header":{"type":"header","settings":{"sticky_header":true,"social_links_mob":true,"logo":"{{ shop.brand.logo }}","logo_width":200,"mobile_logo_width":150,"logo_location":"toolbar","header_layout":"left","mobile_parent_text_tap":"drilldown","nav_alignment":"center","nav_col_limit_int":8,"nav_featured_link":"Sale","cart_icon":"cart","search_bar":"input","search_text_box_large":true,"search_type_dropdown":true}},"footer":{"type":"footer","settings":{"footer_complexity":"columns","footer_payment_icons":true,"show_footer_logo":true,"footer_display_newsletter":true,"show_country_selector":false,"show_language_selector":false}},"cart-drawer":{"type":"cart-drawer","settings":{"enable_cart_notes":false,"show_tax_and_shipping":false,"checkout_sticky_form":true,"show_additional_checkout_buttons":false,"enable_empty_cart":false,"checkout_goes_to_cart":false,"promo_products_show":false,"cart_summary_image_show":true,"cart_summary_use_tint":true}},"popup":{"type":"popup","settings":{"mode":"enabled","popup_delay_seconds":6,"popup_dismiss_for_days":30,"position":"bottom-right","show_newsletter":true,"show_social_icons":true}},"announcement-bar":{"type":"announcement-bar","settings":{}}}},"Fresh":{"header_col":"#212121","body_text_col":"#212121","links_col":"#8a5c00","site_bg_col":"#f2ece3","cart_summary_bg_col":"#f2ece3","feature_col":"#333333","feature_over_col":"#fdb933","divider_col":"#f1dbb0","image_overlay_text_col":"#f9f4ec","image_overlay_bg_col":"#000000","image_overlay_opacity":48,"alt_bg_col":"#212121","alt_bg_text_col":"#fdb933","announcement_col_bar":"#333333","announcement_col_text":"#f7f5e4","toolbar_col_bg":"#212121","toolbar_col_text":"#f7f5e4","nav_accent_col":"#fdb933","nav_main_bg_col":"#fdb933","nav_main_col":"#212121","nav_main_hover_col":"#212121","nav_featured_col":"#212121","mob_nav_bg":"#fdb933","mob_nav_text":"#212121","coll_header_bg_col":"#f7f5e4","coll_header_heading_col":"#212121","coll_header_text_col":"#212121","product_block_bg_col":"#ffffff","product_block_image_bg_col":"#ffffff","sale_label_bg_col":"#c60606","new_in_label_bg_col":"#fdb933","sold_out_label_bg_col":"#212121","low_inv_label_bg_col":"#333333","foot_bg_col":"#212121","foot_text_col":"#f9f4ec","foot_links_col":"#fdb933","popup_text_col":"#f7f5e4","popup_background_col":"#212121","type_base_font":"news_gothic_no_2_n5","type_heading_font":"news_gothic_no_2_n8","capitalize_headings":true,"type_nav_font":"news_gothic_no_2_n7","type_logo_font":"lobster_n4","font_size_body_int":17,"font_size_nav_int":18,"font_size_logo_int":40,"font_size_heading_int":28,"btn_style":"uppercase","btn_shape":"rect","prod_thumb_shape":"1","prod_thumb_gutter":"10","prod_thumb_gap":"20","prod_thumb_show_border":false,"product_grid_hover_image":false,"product_grid_show_weight":false,"prod_block_layout":"above","label_sale_show":false,"label_soldout_show":true,"label_remain_show":true,"prod_stock_warn_limit_int":5,"label_new_in_show":true,"prod_new_method":"tag","prod_new_in_limit_int":2,"prod_quantity_controls":"realtime","prod_quick_buy_show":true,"prod_quick_buy_type":"in-page","prod_quick_buy_pos":"middle","search_type":"product","live_search_show_vendor":true,"section_padding":"large","enable_section_dividers":false,"cart_type":"drawer-always","checkout_logo_position":"center","checkout_body_background_color":"#212121","checkout_sidebar_background_color":"#f9f4ec","checkout_accent_color":"#fdb933","checkout_button_color":"#fdb933","checkout_error_color":"#c60606","prod_buy_show_quantity":true,"site_border_col":"#212121","site_border_thickness":0,"logo_col":"#6a5b5c","prod_sale_price_col":"#89c21e","nav_drop_bg_col":"#e5e2d4","nav_drop_link_col":"#6a5b5c","nav_drop_link_hover_col":"#5c8018","nav_drop_heading_col":"#6a5b5c","homepage_divider_col":"rgba(0,0,0,0)","sale_label_text_col":"#ffffff","new_in_label_text_col":"#ffffff","sold_out_label_text_col":"#ffffff","low_inv_label_text_col":"#ffffff","prod_thumb_border":"border","star_col":"#F6C347","sections":{"header":{"type":"header","settings":{"sticky_header":true,"social_links_mob":true,"logo":"{{ shop.brand.logo }}","logo_width":140,"mobile_logo_width":105,"logo_location":"toolbar","header_layout":"center","nav_alignment":"center","nav_col_limit_int":8,"cart_icon":"basket2","search_bar":"icon","search_text_box_large":false,"search_type_dropdown":false}},"footer":{"type":"footer","settings":{"footer_complexity":"simple","show_footer_logo":true,"footer_display_newsletter":true,"show_country_selector":false,"show_language_selector":false}},"product-recommendations":{"type":"product-recommendations","settings":{"grid_show_vendor":false,"products_per_row":5}},"cart-drawer":{"type":"cart-drawer","settings":{"enable_cart_notes":false,"show_tax_and_shipping":false,"checkout_sticky_form":true,"show_additional_checkout_buttons":true,"enable_empty_cart":true,"checkout_goes_to_cart":true,"promo_products_show":true,"cart_summary_image_show":true,"cart_summary_use_tint":true}},"popup":{"type":"popup","settings":{"mode":"enabled","popup_delay_seconds":8,"popup_dismiss_for_days":30,"position":"center","show_newsletter":true,"show_social_icons":true}},"announcement-bar":{"type":"announcement-bar","settings":{"announcement_show":true,"announcement_home_only":false,"show_social_icons":true,"show_country_selector":false,"show_language_selector":true}}}}},"platform_customizations":{"custom_css":[]}}