{"name":"t:sections.footer.name","type":"footer","sections":{"custom_liquid_T7nmcU":{"type":"custom-liquid","custom_css":[".CarouselWidget {max-width: 1300px; margin: 0 auto;}"],"settings":{"custom_liquid":"<script src=\"https:\/\/widget.reviews.co.uk\/carousel-inline-iframeless\/dist.js?_t=2025010714\"><\/script>\n<link rel=\"stylesheet\" href=\"https:\/\/assets.reviews.io\/css\/widgets\/carousel-widget.css?_t=2025010714\">\n<link rel=\"stylesheet\" href=\"https:\/\/assets.reviews.io\/iconfont\/reviewsio-icons\/style.css?_t=2025010714\">\n<div id=\"reviewsio-carousel-widget\"><\/div>\n<script>\n\nnew carouselInlineWidget('reviewsio-carousel-widget',{\n      \/*Your REVIEWS.io account ID:*\/\n      store: 'ebc-brake-shop',\n      sku: '',\n      lang: 'en',\n      carousel_type: 'default',\n      styles_carousel: 'CarouselWidget--sideHeader--withcards',\n\n      \/*Widget settings:*\/\n      options:{\n        general:{\n          \/*What reviews should the widget display? Available options: company, product, third_party. You can choose one type or multiple separated by comma.*\/\n          review_type: 'company, product',\n          \/*Minimum number of reviews required for widget to be displayed*\/\n          min_reviews: '1',\n          \/*Maximum number of reviews to include in the carousel widget.*\/\n          max_reviews: '20',\n          address_format: 'CITY, COUNTRY',\n          \/*Carousel auto-scrolling speed. 3000 = 3 seconds. If you want to disable auto-scroll, set this value to false.*\/\n          enable_auto_scroll: 10000,\n        },\n        header:{\n          \/*Show overall rating stars*\/\n          enable_overall_stars: true,\n          rating_decimal_places: 2,\n        },\n        reviews: {\n          \/*Show customer name*\/\n          enable_customer_name: true,\n          \/*Show customer location*\/\n          enable_customer_location: true,\n          \/*Show \"verified review\" badge*\/\n          enable_verified_badge: true,\n          \/*Show \"verified subscriber\" badge*\/\n          enable_subscriber_badge: true,\n          \/*Show \"I recommend this product\" badge (Only for product reviews)*\/\n          enable_recommends_badge: true,\n          \/*Show photos attached to reviews*\/\n          enable_photos: true,\n          \/*Show videos attached to reviews*\/\n          enable_videos: true,\n          \/*Show when review was written*\/\n          enable_review_date: true,\n          \/*Hide reviews written by the same customer (This may occur when customer reviews multiple products)*\/\n          disable_same_customer: true,\n          \/*Minimum star rating*\/\n          min_review_percent: 4,\n          \/*Show 3rd party review source*\/\n          third_party_source: true,\n          \/*Hide reviews without comments (still shows if review has a photo)*\/\n          hide_empty_reviews: true,\n          \/*Show product name*\/\n          enable_product_name: true,\n          \/*Show only reviews which have specific tags (multiple semicolon separated tags allowed i.e tag1;tag2)*\/\n          tags: \"\",\n          \/*Show branch, only one input*\/\n          branch: \"\",\n          enable_branch_name: false,\n        },\n        popups: {\n          \/*Make review items clickable (When they are clicked, a popup appears with more information about a customer and review)*\/\n          enable_review_popups:  true,\n          \/*Show \"was this review helpful\" buttons*\/\n          enable_helpful_buttons: true,\n          \/*Show how many times review was upvoted as helpful*\/\n          enable_helpful_count: true,\n          \/*Show share buttons*\/\n          enable_share_buttons: true,\n        },\n    },\n    translations: {\n      verified_customer:  \"Verified Customer\",\n    },\n    styles:{\n      \/*Base font size is a reference size for all text elements. When base value gets changed, all TextHeading and TexBody elements get proportionally adjusted.*\/\n      '--base-font-size': '16px',\n      '--base-maxwidth':'100%',\n\n      \/*Logo styles:*\/\n      '--reviewsio-logo-style':'var(--logo-inverted)',\n\n      \/*Star styles:*\/\n      '--common-star-color':'#334FB4',\n      '--common-star-disabled-color':' rgba(0,0,0,0.25)',\n      '--medium-star-size':' 22px',\n      '--small-star-size':'19px', \/*Modal*\/\n      '--x-small-star-size':'16px',\n      '--x-small-star-display':'inline-flex',\n\n      \/*Header styles:*\/\n      '--header-order':'1',\n      '--header-width':'280px',\n      '--header-bg-start-color':'#0E1311',\n      '--header-bg-end-color':'#0E1311',\n      '--header-gradient-direction':'135deg',\n      '--header-padding':'1.5em',\n      '--header-border-width':'0px',\n      '--header-border-color':'rgba(0,0,0,0.1)',\n      '--header-border-radius':'0px',\n      '--header-shadow-size':'10px',\n      '--header-shadow-color':'rgba(0, 0, 0, 0.05)',\n\n      \/*Header content styles:*\/\n      '--header-star-color':'#ffffff',\n      '--header-disabled-star-color':'inherit',\n      '--header-heading-text-color':'#ffffff',\n      '--header-heading-font-size':'inherit',\n      '--header-heading-font-weight':'inherit',\n      '--header-heading-line-height':'inherit',\n      '--header-heading-text-transform':'inherit',\n      '--header-subheading-text-color':'#ffffff',\n      '--header-subheading-font-size':'inherit',\n      '--header-subheading-font-weight':'300',\n      '--header-subheading-line-height':'inherit',\n      '--header-subheading-text-transform':'inherit',\n\n      \/*Review item styles:*\/\n      '--item-maximum-columns':'5',\/*Must be 3 or larger*\/\n      '--item-background-start-color':'#FFFFFF',\n      '--item-background-end-color':'#ffffff',\n      '--item-gradient-direction':'135deg',\n      '--item-padding':'1.5em',\n      '--item-border-width':'0px',\n      '--item-border-color':'rgba(0,0,0,0.1)',\n      '--item-border-radius':'0px',\n      '--item-shadow-size':'10px',\n      '--item-shadow-color':'rgba(0,0,0,0.05)',\n\n      \/*Heading styles:*\/\n      '--heading-text-color':' #0E1311',\n      '--heading-text-font-weight':' 600',\n      '--heading-text-font-family':' inherit',\n      '--heading-text-line-height':' 1.4',\n      '--heading-text-letter-spacing':'0',\n      '--heading-text-transform':'none',\n\n      \/*Body text styles:*\/\n      '--body-text-color':' #0E1311',\n      '--body-text-font-weight':'400',\n      '--body-text-font-family':' inherit',\n      '--body-text-line-height':' 1.4',\n      '--body-text-letter-spacing':'0',\n      '--body-text-transform':'none',\n\n      \/*Scroll button styles:*\/\n      '--scroll-button-icon-color':'#0E1311',\n      '--scroll-button-icon-size':'24px',\n      '--scroll-button-bg-color':'transparent',\n\n      '--scroll-button-border-width':'0px',\n      '--scroll-button-border-color':'rgba(0,0,0,0.1)',\n\n      '--scroll-button-border-radius':'60px',\n      '--scroll-button-shadow-size':'0px',\n      '--scroll-button-shadow-color':'rgba(0,0,0,0.1)',\n      '--scroll-button-horizontal-position':'3px',\n      '--scroll-button-vertical-position':'0px',\n\n      \/*Badge styles:*\/\n      '--badge-icon-color':'#009057',\n      '--badge-icon-font-size':'15px',\n      '--badge-text-color':'#0E1311',\n      '--badge-text-font-size':'inherit',\n      '--badge-text-letter-spacing':'inherit',\n      '--badge-text-transform':'inherit',\n\n      \/*Author styles:*\/\n      '--author-font-size':'inherit',\n      '--author-font-weight':'inherit',\n      '--author-text-transform':'inherit',\n\n      \/*Product photo or review photo styles:*\/\n      '--photo-video-thumbnail-size':'60px',\n      '--photo-video-thumbnail-border-radius':'0px',\n\n      \/*Popup styles:*\/\n      '--popup-backdrop-color':'rgba(0,0,0,0.75)',\n      '--popup-color':'#ffffff',\n      '--popup-star-color':'inherit',\n      '--popup-disabled-star-color':'inherit',\n      '--popup-heading-text-color':'inherit',\n      '--popup-body-text-color':'inherit',\n      '--popup-badge-icon-color':'inherit',\n      '--popup-badge-icon-font-size':'19px',\n      '--popup-badge-text-color':'inherit',\n      '--popup-badge-text-font-size':'14px',\n      '--popup-border-width':'0px',\n      '--popup-border-color':'rgba(0,0,0,0.1)',\n      '--popup-border-radius':'0px',\n      '--popup-shadow-size':'0px',\n      '--popup-shadow-color':'rgba(0,0,0,0.1)',\n      '--popup-icon-color':'#0E1311',\n\n      \/*Tooltip styles:*\/\n      '--tooltip-bg-color':'#0E1311',\n      '--tooltip-text-color':'#ffffff',\n    },\n});\n\n<\/script>","color_scheme":"","padding_top":0,"padding_bottom":0}},"custom_liquid_Q6TGMN":{"type":"custom-liquid","settings":{"custom_liquid":"<div class=\"logo\"><img style=\"display: block; margin-left: auto; margin-right: auto;\" src=\"https:\/\/cdn.shopify.com\/s\/files\/1\/0244\/6796\/3967\/files\/POTN_logo_footer_no_back.png?v=1680085416\" alt=\"potn\" \/>\n<h2 style=\"text-align: center;\">More Websites In The POTN Group<\/h2>\n<\/div>\n\n<div class=\"image-grid\">\n  <a href=\"https:\/\/www.ebcbrakeshop.co.uk\/\" target=\"_blank\">\n    <img src=\"https:\/\/cdn.shopify.com\/s\/files\/1\/0521\/6314\/9980\/files\/EBC_Brake_Shop.png?v=1680082618\" alt=\"EBC Brakeshop\">\n  <\/a>\n  <a href=\"https:\/\/www.bilsteinsuspensionstore.co.uk\/\" target=\"_blank\">\n    <img src=\"https:\/\/cdn.shopify.com\/s\/files\/1\/0521\/6314\/9980\/files\/BILSTEIN.png?v=1680082618\" alt=\"Bilstein Store\">\n  <\/a>\n  <a href=\"https:\/\/www.eibachshop.co.uk\/\" target=\"_blank\">\n    <img src=\"https:\/\/cdn.shopify.com\/s\/files\/1\/0521\/6314\/9980\/files\/Eibach_Shop_07d20db0-b64c-42ae-b037-7f79199ae865.png?v=1680082618\" alt=\"Eibach Shop\">\n  <\/a>\n  <a href=\"https:\/\/www.thepipercrossshop.co.uk\/\" target=\"_blank\">\n    <img src=\"https:\/\/cdn.shopify.com\/s\/files\/1\/0491\/2919\/3621\/files\/The_Filter_Shop_-_1_b5b0f58e-b1d3-4d4c-b159-302b80013270.png?v=1739465203\"  alt=\"The Filter Shop\"\n  <\/a>\n  <a href=\"https:\/\/www.rotashop.co.uk\/\"  target=\"_blank\">\n    <img src=\"https:\/\/cdn.shopify.com\/s\/files\/1\/0627\/0959\/6398\/files\/Rota_2.png?v=1695892855\" alt=\"rotashop\"    >\n  <\/a>\n   <a href=\"https:\/\/ultraracingshop.com\/\"  target=\"_blank\">\n    <img src=\"https:\/\/cdn.shopify.com\/s\/files\/1\/0521\/6314\/9980\/files\/Ultra_Racing.png?v=1680082618\" alt=\"ultra racing shop\"    >\n  <\/a>\n  \n  <a href=\"https:\/\/evtuningshop.co.uk\/\"  target=\"_blank\">\n    <img src=\"https:\/\/cdn.shopify.com\/s\/files\/1\/0521\/6314\/9980\/files\/EV_Tuning.png?v=1680082618\" alt=\"EV Tuning shop\"    >\n  <\/a>\n  <a href=\"https:\/\/calibrewheelshop.co.uk\/\"  target=\"_blank\">\n    <img src=\"https:\/\/cdn.shopify.com\/s\/files\/1\/0521\/6314\/9980\/files\/Calibre_Wheel_Shop.png?v=1680082618\" alt=\"Calibre Wheel Shop\"    >\n  <\/a>\n  <a href=\"https:\/\/www.felgenwerkes.co.uk\/\"  target=\"_blank\">\n    <img src=\"https:\/\/cdn.shopify.com\/s\/files\/1\/0521\/6314\/9980\/files\/Felgen_Werkes.png?v=1680082618\" alt=\"Felgen Werkes\"    >\n  <\/a>\n<\/div>\n\n{%- style -%}\n    .image-grid {\n    display: flex;\n    flex-wrap: wrap;\n    justify-content: center;\n  }\n\n  .image-grid a {\n        margin-right: 10px;\n    flex-basis: calc(33.33% - 20px)\n    max-width 200px;\n  }\n\n  .image-grid img {\n    max-width: 150px;\n    height: auto;\n  }\n{%- endstyle -%}","color_scheme":"","padding_top":0,"padding_bottom":0}},"footer":{"type":"footer","blocks":{"brand_information_8bpzLN":{"type":"brand_information","settings":{"show_social":false}},"link_list_X4TYrG":{"type":"link_list","settings":{"heading":"Customer Service","menu":"footer"}},"link_list_9ECQ3m":{"type":"link_list","settings":{"heading":"Policies","menu":"policies"}},"text_Fj8q9F":{"type":"text","settings":{"heading":"EBC Brakes Shop","subtext":"<p>Monday - Thrusday: 08:30 - 5.00<\/p><p>Friday: 08:30 - 4:30<\/p><p>40 Huxley Close, NNB 6AB, UK<\/p><p>01604212140<\/p>"}}},"block_order":["brand_information_8bpzLN","link_list_X4TYrG","link_list_9ECQ3m","text_Fj8q9F"],"settings":{"bg_color":"#fffcfc","newsletter_enable":true,"newsletter_heading":"Subscribe to our emails","enable_follow_on_shop":true,"show_social":true,"enable_country_selector":true,"enable_language_selector":true,"payment_enable":true,"show_policy":true,"margin_top":40,"padding_top":0,"padding_bottom":0}}},"order":["custom_liquid_T7nmcU","custom_liquid_Q6TGMN","footer"]}