{"sections":{"filter_widget_DJnpCn":{"type":"filter-widget","settings":{"widget_image_desktop":"shopify:\/\/shop_images\/Winter_167ce8f5-3175-405f-9477-6e3604166cd3.jpg","widget_image_mobile":"shopify:\/\/shop_images\/Winter_22d1742a-19a2-4cac-a91e-6b3b9b125ed1.jpg","image_link":"shopify:\/\/pages\/vehicle-finder"}},"box_grid_f6XEXQ":{"type":"box-grid","blocks":{"box_item_Cmb7Rq":{"type":"box_item","settings":{"page_title":"Ultimax Brake Pads","page_url":"shopify:\/\/pages\/info-ultimax2-brake-pads","page_image":"shopify:\/\/shop_images\/ultimax-2-pad-plain_1.png","hover_text":"Designed as an ideal replacement for OEM products, delivering exceptional quality at an affordable price for everyday driving on any vehicle."}},"box_item_YQ683m":{"type":"box_item","settings":{"page_title":"Greenstuff Brake Pads","page_url":"shopify:\/\/pages\/info-greenstuff-brake-pads","page_image":"shopify:\/\/shop_images\/green-stuff-pad-plain.png","hover_text":"Perfect for lightweight vehicles. Up to 15% improvement in braking to original pads."}},"box_item_GcfCPM":{"type":"box_item","settings":{"page_title":"Redstuff Brake Pads","page_url":"shopify:\/\/pages\/info-redstuff-brake-pads","page_image":"shopify:\/\/shop_images\/red-stuff-brakepads.png","hover_text":"EBC Brakes' premium street sport brake pads are designed vehicles with over 200BHP, offering minimal dust and exceptional performance."}},"box_item_VH9nKJ":{"type":"box_item","settings":{"page_title":"Yellowstuff Brake Pads","page_url":"shopify:\/\/pages\/info-yellowstuff-brake-pads","page_image":"shopify:\/\/shop_images\/yellow-stuff-pad-plain.jpg","hover_text":"Yellowstuff is a premium fast street brake pad, engineered to deliver enhanced stopping power for high-performance and fast street driving on any vehicle."}},"box_item_fhqLKp":{"type":"box_item","settings":{"page_title":"Bluestuff NDX Brake Pads","page_url":"shopify:\/\/pages\/info-bluestuff-ndx-brake-pads","page_image":"shopify:\/\/shop_images\/ebc-bluestuff-pad-image.jpg","hover_text":"High friction trackday and street use pad. Deep cut Vee grooves offer cooling and dust removal."}},"box_item_MnXy4C":{"type":"box_item","settings":{"page_title":"Premium Brake Rotors","page_url":"shopify:\/\/pages\/ebc-brake-discs","page_image":"shopify:\/\/shop_images\/Auto_Discs_Gen3_Group_1920x1080px_b643d49e-c08d-4877-bce7-4b60dba188ae.jpg","hover_text":"EBC offer a whole range of premium discs in different designs to suit every need."}},"box_item_baBFiK":{"type":"box_item","settings":{"page_title":"Brake Kits","page_url":"shopify:\/\/pages\/info-ebc-pad-disc-kits","page_image":"shopify:\/\/shop_images\/7069355b-0f27-4de6-ac63-b01ab3f6783b.jpg","hover_text":"Save even more by purchasing pads and discs together in EBC's PD kits."}},"box_item_Ftch89":{"type":"box_item","settings":{"page_title":"Braided Brake Lines","page_url":"https:\/\/www.ebcracing.co.uk\/pages\/ebc-stainless-steel-braided-brake-lines","page_image":"shopify:\/\/shop_images\/Auto_Brake_Lines_Set.jpg","hover_text":"EBC Brakes’ range of UK manufactured high performance braided steel brake lines are 100% pressure tested."}},"box_item_6NzrYf":{"type":"box_item","settings":{"page_title":"Floating Discs","page_url":"shopify:\/\/pages\/ebc-brake-discs","page_image":"shopify:\/\/shop_images\/image_2.jpg","hover_text":"Fully floating rotors using stainless-steel drive bobbins, minimising rotor stress under even the most severe braking"}},"box_item_67m88U":{"type":"box_item","settings":{"page_title":"Brake Fluid","page_url":"shopify:\/\/pages\/ebc-brake-fluids","page_image":"shopify:\/\/shop_images\/Brake_Fluid_Group_shot.jpg","hover_text":"EBC can offer brake fluid in both road and race use variants."}}},"block_order":["box_item_Cmb7Rq","box_item_YQ683m","box_item_GcfCPM","box_item_VH9nKJ","box_item_fhqLKp","box_item_MnXy4C","box_item_baBFiK","box_item_Ftch89","box_item_6NzrYf","box_item_67m88U"],"custom_css":[],"settings":{"button_text":"shop now"}},"multicolumn_bK3VrN":{"type":"multicolumn","blocks":{"column_YTKFg4":{"type":"column","settings":{"title":"<span style=\"text-decoration:underline\"><strong>Fast Delivery<\/strong><\/span>","text":"<p>Same day despatch with all in stock orders when placed before 12pm.<\/p><p><\/p>","link_label":"","link":""}},"column_ibAgta":{"type":"column","settings":{"title":"<span style=\"text-decoration:underline\"><strong>Expert knowledge<\/strong><\/span>","text":"<p>Factory trained staff ready to help, contact us & call now 01604 212140.<\/p>","link_label":"","link":""}},"column_XbD8x8":{"type":"column","settings":{"title":"<span style=\"text-decoration:underline\"><strong>The Best Product<\/strong><\/span>","text":"<p>Brake pads & discs for a perfectly matched and balanced  renewal.<\/p>","link_label":"","link":""}}},"block_order":["column_YTKFg4","column_ibAgta","column_XbD8x8"],"settings":{"title":"","heading_size":"h1","image_width":"full","image_ratio":"adapt","columns_desktop":3,"column_alignment":"left","background_style":"none","button_label":"","button_link":"","color_scheme":"scheme-c4995d9c-cd09-4248-a81d-252caa5a998e","columns_mobile":"1","swipe_on_mobile":false,"padding_top":0,"padding_bottom":0}},"image_banner_i7JnYa":{"type":"image-banner","blocks":{"heading_VUYFwD":{"type":"heading","settings":{"heading":"EBC Track & Racing Use","heading_size":"h2"}}},"block_order":["heading_VUYFwD"],"custom_css":["h2,p {color: white;}",".banner {max-width: 1500px; margin: 0 auto;}"],"settings":{"image":"shopify:\/\/shop_images\/I30N_Track.png","image_overlay_opacity":40,"image_height":"small","desktop_content_position":"middle-center","show_text_box":true,"desktop_content_alignment":"center","color_scheme":"scheme-3","image_behavior":"none","mobile_content_alignment":"center","stack_images_on_mobile":true,"show_text_below":true}},"box_grid_N38RYJ":{"type":"box-grid","blocks":{"box_item_YJYxa9":{"type":"box_item","settings":{"page_title":"Yellowstuff Brake Pads","page_url":"shopify:\/\/pages\/info-yellowstuff-brake-pads","page_image":"shopify:\/\/shop_images\/yellow-stuff-pad-plain.jpg","hover_text":"High friction with a good bite from cold making a good entry level, light track use pad."}},"box_item_tTAq46":{"type":"box_item","settings":{"page_title":"Bluestuff Brake Pads","page_url":"shopify:\/\/pages\/info-bluestuff-ndx-brake-pads","page_image":"shopify:\/\/shop_images\/ebc-bluestuff-pad-image.jpg","hover_text":"High friction track day pad a good option for someone looking to drive there, enjoy the day and drive home."}},"box_item_bxixAL":{"type":"box_item","settings":{"page_title":"RP1 Brake Pads","page_url":"shopify:\/\/pages\/info-rp1-rpx-brake-pads","page_image":"shopify:\/\/shop_images\/RP1_c76a3d5c-5080-4f0c-9c3b-224c32be07ef.png","hover_text":"EBC Brakes Racing’s dedicated motorsport pad RP-1™"}},"box_item_3hd4DK":{"type":"box_item","settings":{"page_title":"RPX Brake Pads","page_url":"shopify:\/\/pages\/info-rp1-rpx-brake-pads","page_image":"shopify:\/\/shop_images\/RPX_857b22ec-acf3-49b2-ae4b-a5b34363664c.png","hover_text":"EBC Brakes increases its motorsport brake pad range with the latest ultra-high-performance track & race material."}},"box_item_D4JyWn":{"type":"box_item","settings":{"page_title":"SR11 Brake Pads","page_url":"shopify:\/\/pages\/info-sr-series-brake-pads","page_image":"shopify:\/\/shop_images\/SR11_Pair_2-copy-scaled-1-1536x993_587d1a2a-392b-4769-83f9-0255e851c174.jpg","hover_text":"The new EBC SR pads, available in high and medium friction"}},"box_item_TVwT3x":{"type":"box_item","settings":{"page_title":"SR21 Brake Pads","page_url":"shopify:\/\/pages\/info-sr-series-brake-pads","page_image":"shopify:\/\/shop_images\/SR11_Pair_2-copy-scaled-1-1536x993_f84c56ee-3cb4-4a49-a68a-a051d6789d1e.jpg","hover_text":"The new EBC SR pads, available in high and medium friction"}},"box_item_ahWKkN":{"type":"box_item","settings":{"page_title":"Floating Discs","page_url":"shopify:\/\/pages\/ebc-brake-discs","page_image":"shopify:\/\/shop_images\/image_2.jpg","hover_text":"Fully floating rotors using stainless-steel drive bobbins, minimising rotor stress under even the most severe braking"}},"box_item_NwQdtF":{"type":"box_item","settings":{"page_title":"Big Brake Kits","page_url":"shopify:\/\/pages\/ebc-big-brake-kits","page_image":"shopify:\/\/shop_images\/Auto_BBK_4_Pot_Red_caliper_SS_1500x1500px.jpg","hover_text":"The best choice for anyone looking for the best. With EBC offering every pad compound for this caliper."}},"box_item_PMp6LW":{"type":"box_item","settings":{"page_title":"Titanium Shims","page_url":"https:\/\/www.ebcracing.co.uk\/pages\/titanium-shims","page_image":"shopify:\/\/shop_images\/Titanium_Shim_Single_Generic.jpg","hover_text":"Reduce heat transfer with EBC Titanium Shims, shown in laboratory tests to reduce heat transfer by around 90°F."}},"box_item_gyn9r4":{"type":"box_item","settings":{"page_title":"Trackpack","page_url":"https:\/\/www.ebcracing.co.uk\/products\/ebc-track-pack-tp001","page_image":"shopify:\/\/shop_images\/Trackpack_Set_TP001_Lo_res.jpg","hover_text":""}}},"block_order":["box_item_YJYxa9","box_item_tTAq46","box_item_bxixAL","box_item_3hd4DK","box_item_D4JyWn","box_item_TVwT3x","box_item_ahWKkN","box_item_NwQdtF","box_item_PMp6LW","box_item_gyn9r4"],"custom_css":["section {background-colour: black;}"],"settings":{"button_text":"Shop Racing"}},"image_with_text_J7TKij":{"type":"image-with-text","blocks":{"heading_GzmwHy":{"type":"heading","settings":{"heading":"<strong>BIG BRAKE KITS<\/strong>","heading_size":"h1"}},"text_fPjinX":{"type":"text","settings":{"text":"<p>One giant leap for performance braking.<br\/><br\/>EBC Brakes’ Balanced Big Brake Kits represent the ultimate upgrade in braking performance, offering significant reductions in stopping distances whether used on road or on track.<\/p><p>-  UK designed<\/p><p>-  Lightweight & strong<\/p><p>-  4 & 6 POT options<\/p><p>-  Available in 4 Striking colours Red, Yellow, Blue and Black<\/p><p><\/p><ul><li><\/li><\/ul>","text_style":"body"}},"button_kfMt8d":{"type":"button","settings":{"button_label":"SHOP NOW","button_link":"shopify:\/\/pages\/ebc-big-brake-kits","button_style_secondary":false}}},"block_order":["heading_GzmwHy","text_fPjinX","button_kfMt8d"],"custom_css":["h2,p {color: white;}",".banner {box-shadow: 0 4px 8px rgba(0, 0, 0, 0.2); \/* Soft shadow effect *\/}"],"settings":{"image":"shopify:\/\/shop_images\/Red-Caliper-on-Disc_800x650px-1.jpg","height":"adapt","desktop_image_width":"small","layout":"image_first","desktop_content_position":"top","desktop_content_alignment":"left","content_layout":"no-overlap","section_color_scheme":"scheme-5f379710-2f49-43d0-a9eb-a5957802833d","color_scheme":"scheme-5","image_behavior":"none","mobile_content_alignment":"left","padding_top":0,"padding_bottom":0}},"image_banner_89kmUx":{"type":"image-banner","blocks":{"heading_6NHVkQ":{"type":"heading","settings":{"heading":"<strong>EBC are the worlds leading brake specialist.<\/strong>","heading_size":"h1"}},"text_m7Ta4f":{"type":"text","settings":{"text":"EBC have a worldwide work force of over 400 people, EBC Brakes is an independently owned and managed leader in the brake market, proud of its customers, its products, its success and its people.EBC Brakes produce the largest range of brake pads and brake discs in the world, with over 5000 part numbers for every type of moving vehicle. EBC Brakes are made in one of its two specialist factories in the UK and USA. The majority of EBC brake discs or brake rotors are also made in the UK. This gives us the confidence we need as a retailer to support EBC products.","text_style":"body"}}},"block_order":["heading_6NHVkQ","text_m7Ta4f"],"custom_css":["h2,p {color: white;}",".banner {max-width: 1500px; margin: 0 auto;}",".banner__content {background: none; box-shadow: none;}"],"settings":{"image":"shopify:\/\/shop_images\/ebc-uk-hq-min-1536x1031.jpg","image_overlay_opacity":50,"image_height":"small","desktop_content_position":"middle-left","show_text_box":true,"desktop_content_alignment":"center","color_scheme":"scheme-3","image_behavior":"none","mobile_content_alignment":"center","stack_images_on_mobile":true,"show_text_below":true}},"image_banner_xhneYN":{"type":"image-banner","blocks":{"heading_x8diCi":{"type":"heading","settings":{"heading":"Looking for Bike Brakes?","heading_size":"h2"}},"text_KWfczn":{"type":"text","settings":{"text":"We have a dedicated retail website ebcbikes.com for this, where you can find everything EBC for Motorbikes, Cycles and more.","text_style":"body"}},"buttons_HAfBxD":{"type":"buttons","settings":{"button_label_1":"Visit EBC Bikes","button_link_1":"https:\/\/ebcbikes.com\/","button_style_secondary_1":false,"button_label_2":"","button_link_2":"","button_style_secondary_2":false}}},"block_order":["heading_x8diCi","text_KWfczn","buttons_HAfBxD"],"custom_css":["h2,p {color: white;}",".banner {max-width: 1500px; margin: 0 auto;}",".banner__content {background: none; box-shadow: none;}"],"settings":{"image":"shopify:\/\/shop_images\/Bike_Brakes-2.jpg","image_overlay_opacity":50,"image_height":"small","desktop_content_position":"middle-right","show_text_box":true,"desktop_content_alignment":"center","color_scheme":"scheme-3","image_behavior":"none","mobile_content_alignment":"center","stack_images_on_mobile":true,"show_text_below":true}},"custom_liquid_7MAGh6":{"type":"custom-liquid","settings":{"custom_liquid":"<script src=\"https:\/\/widget.reviews.co.uk\/carousel-inline-iframeless\/dist.js?_t=2025010814\"><\/script>\n<link rel=\"stylesheet\" href=\"https:\/\/assets.reviews.io\/css\/widgets\/carousel-widget.css?_t=2025010814\">\n<link rel=\"stylesheet\" href=\"https:\/\/assets.reviews.io\/iconfont\/reviewsio-icons\/style.css?_t=2025010814\">\n<div id=\"reviewsio-carousel-widget\"><\/div>\n<script>\n\nnew carouselInlineWidget('reviewsio-carousel-widget',{\n      \/*Your REVIEWS.io account ID:*\/\n      store: 'ebc-brake-shop',\n      sku: '',\n      lang: 'en',\n      carousel_type: 'topHeader',\n      styles_carousel: 'CarouselWidget--topHeader',\n\n      \/*Widget settings:*\/\n      options:{\n        general:{\n          \/*What reviews should the widget display? Available options: company, product, third_party. You can choose one type or multiple separated by comma.*\/\n          review_type: 'company, product',\n          \/*Minimum number of reviews required for widget to be displayed*\/\n          min_reviews: '1',\n          \/*Maximum number of reviews to include in the carousel widget.*\/\n          max_reviews: '20',\n          address_format: 'CITY, COUNTRY',\n          \/*Carousel auto-scrolling speed. 3000 = 3 seconds. If you want to disable auto-scroll, set this value to false.*\/\n          enable_auto_scroll: 10000,\n        },\n        header:{\n          \/*Show overall rating stars*\/\n          enable_overall_stars: true,\n          rating_decimal_places: 1,\n        },\n        reviews: {\n          \/*Show customer name*\/\n          enable_customer_name: true,\n          \/*Show customer location*\/\n          enable_customer_location: true,\n          \/*Show \"verified review\" badge*\/\n          enable_verified_badge: true,\n          \/*Show \"verified subscriber\" badge*\/\n          enable_subscriber_badge: true,\n          \/*Show \"I recommend this product\" badge (Only for product reviews)*\/\n          enable_recommends_badge: true,\n          \/*Show photos attached to reviews*\/\n          enable_photos: true,\n          \/*Show videos attached to reviews*\/\n          enable_videos: true,\n          \/*Show when review was written*\/\n          enable_review_date: true,\n          \/*Hide reviews written by the same customer (This may occur when customer reviews multiple products)*\/\n          disable_same_customer: true,\n          \/*Minimum star rating*\/\n          min_review_percent: 4,\n          \/*Show 3rd party review source*\/\n          third_party_source: true,\n          \/*Hide reviews without comments (still shows if review has a photo)*\/\n          hide_empty_reviews: true,\n          \/*Show product name*\/\n          enable_product_name: true,\n          \/*Show only reviews which have specific tags (multiple semicolon separated tags allowed i.e tag1;tag2)*\/\n          tags: \"\",\n          \/*Show branch, only one input*\/\n          branch: \"\",\n          enable_branch_name: false,\n        },\n        popups: {\n          \/*Make review items clickable (When they are clicked, a popup appears with more information about a customer and review)*\/\n          enable_review_popups:  true,\n          \/*Show \"was this review helpful\" buttons*\/\n          enable_helpful_buttons: true,\n          \/*Show how many times review was upvoted as helpful*\/\n          enable_helpful_count: true,\n          \/*Show share buttons*\/\n          enable_share_buttons: true,\n        },\n    },\n    translations: {\n      verified_customer:  \"Verified Customer\",\n    },\n    styles:{\n      \/*Base font size is a reference size for all text elements. When base value gets changed, all TextHeading and TexBody elements get proportionally adjusted.*\/\n      '--base-font-size': '16px',\n      '--base-maxwidth':'100%',\n\n      \/*Logo styles:*\/\n      '--reviewsio-logo-style':'var(--logo-normal)',\n\n      \/*Star styles:*\/\n      '--common-star-color':'#334FB4',\n      '--common-star-disabled-color':' rgba(0,0,0,0.25)',\n      '--medium-star-size':' 22px',\n      '--small-star-size':'19px', \/*Modal*\/\n      '--x-small-star-size':'16px',\n      '--x-small-star-display':'inline-flex',\n\n      \/*Header styles:*\/\n      '--header-order':'1',\n      '--header-width':'160px',\n      '--header-bg-start-color':'transparent',\n      '--header-bg-end-color':'transparent',\n      '--header-gradient-direction':'135deg',\n      '--header-padding':'0.5em',\n      '--header-border-width':'0px',\n      '--header-border-color':'rgba(0,0,0,0.1)',\n      '--header-border-radius':'0px',\n      '--header-shadow-size':'0px',\n      '--header-shadow-color':'rgba(0, 0, 0, 0.1)',\n\n      \/*Header content styles:*\/\n      '--header-star-color':'#334FB4',\n      '--header-disabled-star-color':'inherit',\n      '--header-heading-text-color':'inherit',\n      '--header-heading-font-size':'inherit',\n      '--header-heading-font-weight':'inherit',\n      '--header-heading-line-height':'inherit',\n      '--header-heading-text-transform':'inherit',\n      '--header-subheading-text-color':'inherit',\n      '--header-subheading-font-size':'inherit',\n      '--header-subheading-font-weight':'inherit',\n      '--header-subheading-line-height':'inherit',\n      '--header-subheading-text-transform':'inherit',\n\n      \/*Review item styles:*\/\n      '--item-maximum-columns':'5',\/*Must be 3 or larger*\/\n      '--item-background-start-color':'transparent',\n      '--item-background-end-color':'transparent',\n      '--item-gradient-direction':'135deg',\n      '--item-padding':'0.5em',\n      '--item-border-width':'0px',\n      '--item-border-color':'rgba(0,0,0,0.1)',\n      '--item-border-radius':'0px',\n      '--item-shadow-size':'0px',\n      '--item-shadow-color':'rgba(0,0,0,0.1)',\n\n      \/*Heading styles:*\/\n      '--heading-text-color':' #0E1311',\n      '--heading-text-font-weight':' 600',\n      '--heading-text-font-family':' inherit',\n      '--heading-text-line-height':' 1.4',\n      '--heading-text-letter-spacing':'0',\n      '--heading-text-transform':'none',\n\n      \/*Body text styles:*\/\n      '--body-text-color':' #0E1311',\n      '--body-text-font-weight':'400',\n      '--body-text-font-family':' inherit',\n      '--body-text-line-height':' 1.4',\n      '--body-text-letter-spacing':'0',\n      '--body-text-transform':'none',\n\n      \/*Scroll button styles:*\/\n      '--scroll-button-icon-color':'#0E1311',\n      '--scroll-button-icon-size':'24px',\n      '--scroll-button-bg-color':'transparent',\n\n      '--scroll-button-border-width':'0px',\n      '--scroll-button-border-color':'rgba(0,0,0,0.1)',\n\n      '--scroll-button-border-radius':'60px',\n      '--scroll-button-shadow-size':'0px',\n      '--scroll-button-shadow-color':'rgba(0,0,0,0.1)',\n      '--scroll-button-horizontal-position':'0px',\n      '--scroll-button-vertical-position':'0px',\n\n      \/*Badge styles:*\/\n      '--badge-icon-color':'#00A563',\n      '--badge-icon-font-size':'15px',\n      '--badge-text-color':'#0E1311',\n      '--badge-text-font-size':'inherit',\n      '--badge-text-letter-spacing':'inherit',\n      '--badge-text-transform':'inherit',\n\n      \/*Author styles:*\/\n      '--author-font-size':'inherit',\n      '--author-font-weight':'inherit',\n      '--author-text-transform':'inherit',\n\n      \/*Product photo or review photo styles:*\/\n      '--photo-video-thumbnail-size':'100px',\n      '--photo-video-thumbnail-border-radius':'0px',\n\n      \/*Popup styles:*\/\n      '--popup-backdrop-color':'rgba(0,0,0,0.75)',\n      '--popup-color':'#ffffff',\n      '--popup-star-color':'inherit',\n      '--popup-disabled-star-color':'inherit',\n      '--popup-heading-text-color':'inherit',\n      '--popup-body-text-color':'inherit',\n      '--popup-badge-icon-color':'inherit',\n      '--popup-badge-icon-font-size':'19px',\n      '--popup-badge-text-color':'inherit',\n      '--popup-badge-text-font-size':'14px',\n      '--popup-border-width':'0px',\n      '--popup-border-color':'rgba(0,0,0,0.1)',\n      '--popup-border-radius':'0px',\n      '--popup-shadow-size':'0px',\n      '--popup-shadow-color':'rgba(0,0,0,0.1)',\n      '--popup-icon-color':'#0E1311',\n\n      \/*Tooltip styles:*\/\n      '--tooltip-bg-color':'#0E1311',\n      '--tooltip-text-color':'#ffffff',\n    },\n});\n\n<\/script>","color_scheme":"","padding_top":0,"padding_bottom":0}}},"order":["filter_widget_DJnpCn","box_grid_f6XEXQ","multicolumn_bK3VrN","image_banner_i7JnYa","box_grid_N38RYJ","image_with_text_J7TKij","image_banner_89kmUx","image_banner_xhneYN","custom_liquid_7MAGh6"]}