{"sections":{"main":{"type":"main-page","disabled":true,"settings":{"padding_top":28,"padding_bottom":28}},"rich_text_UAKjkt":{"type":"rich-text","blocks":{"heading_Jiyy7w":{"type":"heading","settings":{"heading":"EBC Titanium Shims","heading_size":"h2"}},"text_QQfRqF":{"type":"text","settings":{"text":"<p>An essential purchase for maximizing high-performance braking<\/p>"}}},"block_order":["heading_Jiyy7w","text_QQfRqF"],"custom_css":["h2,p {color: white;}",".banner {max-width: 1500px; margin: 0 auto;}"],"settings":{"desktop_content_position":"center","content_alignment":"center","color_scheme":"scheme-f3a069ef-cb64-4923-a5cb-6a2239ba5446","full_width":true,"padding_top":20,"padding_bottom":20}},"image_with_text_eexMab":{"type":"image-with-text","blocks":{"heading_kQp47U":{"type":"heading","settings":{"heading":"Reduce heat transfer","heading_size":"h2"}},"text_PCUk8j":{"type":"text","settings":{"text":"<p>EBC Titanium heat insulation shims have been proven in laboratory tests to reduce heat transfer through the pads to the caliper by approximately 90°F.<\/p>","text_style":"body"}}},"block_order":["heading_kQp47U","text_PCUk8j"],"settings":{"image":"shopify:\/\/shop_images\/Titanium-Shims_Pair_2000x1500px-768x576.jpg","height":"small","desktop_image_width":"medium","layout":"text_first","desktop_content_position":"top","desktop_content_alignment":"left","content_layout":"no-overlap","section_color_scheme":"","color_scheme":"","image_behavior":"none","mobile_content_alignment":"left","padding_top":36,"padding_bottom":36}},"rich_text_FndwCp":{"type":"rich-text","blocks":{"text_XbnmPH":{"type":"text","settings":{"text":"<p>These tests compared heat transfer using plain shims versus perforated shims, utilizing EBC race materials. However, the underlying physics remain consistent, meaning any semi-metallic pad can benefit from shim heat insulation.<\/p><p>Caliper seals can be damaged at temperatures exceeding 220°C (400°F), so reducing heat transfer is crucial. EBC advises re-sealing any calipers where heat strips indicate temperatures have surpassed this limit.<\/p><p>Precision laser-cut from titanium sheet and perforated to minimize conductive heat transfer, EBC titanium shims are available in sets of two or four, depending on caliper type, and are designed for popular front fitments only.<\/p><p>These shims attach to your pad set and can be reused at pad changes unless damaged.<\/p>"}}},"block_order":["text_XbnmPH"],"custom_css":[],"settings":{"desktop_content_position":"left","content_alignment":"left","color_scheme":"scheme-1","full_width":false,"padding_top":20,"padding_bottom":20}},"multicolumn_pKgbHG":{"type":"multicolumn","blocks":{"column_7VJQnb":{"type":"column","settings":{"title":"","text":"<p>These tests were conducted to compare the heat transferred with plain shims or perforated shims and EBC race materials were used. However, the physics remains sound and any semi-metallic pad should benefit from shim heat insulation.<\/p><p>Most caliper seals are damaged at temperatures over 220C\/400F, which means anything to reduce heat getting to them is good news.  EBC recommends re-sealing any calipers where heat strips show temperatures have passed this limit.<\/p><p>Laser-cut from titanium sheet and perforated to reduce conductive heat transfer, the EBC titanium shims come in sets of two or four depending on caliper type and are for popular front fitments only.<\/p><p>Shims are applied to your pad set and can be re-used at pad change unless damaged.<\/p><p><\/p><h3><strong>What’s wrong with rubberised shims?<\/strong><\/h3><p>First of all, all race pads from EBC and every other brand are supplied without any shims at all, and EBC’s titanium shims are advised for all brands of the pad and will reduce heat transfer in the higher temperatures of racing. They are therefore a worthwhile investment. This applies to any brand of pad, we are not saying EBC generate more heat than others because they do not….all pads generate heat and braking energy is always translated into heat.<\/p><p>Non-race caliper (stock) pads feature an anti-noise shim that has a rubber coating and it’s best to replace those with a harder titanium shim to reduce pedal sponge and shim distortion. Titanium shims are much harder and less likely to buckle and distort.  OEM rubberised stock shims are also not perforated and the reduced surface contact area with the EBC perforated shims reduces conductive heat transfer.<\/p><p>The EBC titanium shims are of course perforated for this reason.<\/p><p>EBC did some simple lab test show in the graph above which clearly showed that although a plain (non-perforated) titanium shim helps, a perforated shim is far better at heat reducing heat transfer into the caliper.<\/p>","link_label":"","link":""}},"column_CApbjR":{"type":"column","settings":{"image":"shopify:\/\/shop_images\/Titanium-shim-PR-graph.webp","title":"","text":"","link_label":"","link":""}}},"block_order":["column_7VJQnb","column_CApbjR"],"settings":{"title":"","heading_size":"h1","image_width":"full","image_ratio":"adapt","columns_desktop":2,"column_alignment":"left","background_style":"primary","button_label":"Button label","button_link":"","color_scheme":"","columns_mobile":"1","swipe_on_mobile":false,"padding_top":36,"padding_bottom":36}},"rich_text_D7tCxQ":{"type":"rich-text","blocks":{"heading_EnamkB":{"type":"heading","settings":{"heading":"How to Install","heading_size":"h2"}},"text_ni7XWW":{"type":"text","settings":{"text":"<p>- Shims must be flat and sit without any gapping on the rear of the brake pad.<\/p><p>- If your pad set is supplied with any other shims such as the rubberised shims on most stock pads, these MUST be removed before fitting titanium shims to avoid a pad over-thickness situation.<\/p><p>- Simply prize the old shims off to break the adhesive seal with a blunt edge screwdriver or similar, and once removed lightly, sand the rear of the pad to remove any excess glue or surface irregularities. The new titanium shims MUST be snugged up against the pad backing plate without any debris between to avoid long pedal\/brake sponge.<\/p><p>- Titanium shim sets for sliding calipers contain only two shims and these must each be applied to the pad located next to the piston. Titanium shims for multi-piston calipers are supplied for all four pads in the axle set.<\/p>"}},"button_ebCkcQ":{"type":"button","settings":{"button_label":"Shop Now","button_link":"shopify:\/\/pages\/vehicle-finder","button_style_secondary":false,"button_label_2":"","button_link_2":"","button_style_secondary_2":false}}},"block_order":["heading_EnamkB","text_ni7XWW","button_ebCkcQ"],"custom_css":["h2,p {color: white;}",".banner {max-width: 1500px; margin: 0 auto;}"],"settings":{"desktop_content_position":"left","content_alignment":"left","color_scheme":"scheme-f3a069ef-cb64-4923-a5cb-6a2239ba5446","full_width":true,"padding_top":20,"padding_bottom":20}}},"order":["main","rich_text_UAKjkt","image_with_text_eexMab","rich_text_FndwCp","multicolumn_pKgbHG","rich_text_D7tCxQ"]}