{"sections":{"main":{"type":"main-page","disabled":true,"settings":{"padding_top":28,"padding_bottom":28}},"rich_text_4wBDYr":{"type":"rich-text","blocks":{"heading_mcfdXb":{"type":"heading","settings":{"heading":"EBC Stainless Steel Braided Brake Lines","heading_size":"h2"}},"text_WQFbGP":{"type":"text","settings":{"text":"<p>Looking for more performance? EBC Stainless Steel Brake Lines could be the answer, with a firmer pedal feel, more responsiveness and extra confidence brake lines are the perfect install when upgrading your brakes.<\/p>"}},"button_gGTxTr":{"type":"button","settings":{"button_label":"Look for your vehicle now","button_link":"shopify:\/\/pages\/vehicle-finder","button_style_secondary":false,"button_label_2":"","button_link_2":"","button_style_secondary_2":false}}},"block_order":["heading_mcfdXb","text_WQFbGP","button_gGTxTr"],"settings":{"desktop_content_position":"center","content_alignment":"center","color_scheme":"scheme-f3a069ef-cb64-4923-a5cb-6a2239ba5446","full_width":true,"padding_top":40,"padding_bottom":52}}},"order":["main","rich_text_4wBDYr"]}