{"sections":{"main":{"type":"main-page","disabled":true,"settings":{"padding_top":28,"padding_bottom":28}},"rich_text_f7FGc8":{"type":"rich-text","blocks":{"heading_knmEGU":{"type":"heading","settings":{"heading":"<strong>EBC Sintered SR Series Full Race and Endurance Brake Pads<\/strong>","heading_size":"h2"}},"text_cNXimC":{"type":"text","settings":{"text":"<p>The EBC SR pads, available in high and medium friction, options are designed to eclipse all organic and carbon-based racing brake pads in terms of performance and life.<\/p>"}}},"block_order":["heading_knmEGU","text_cNXimC"],"custom_css":["h2,p {color: black;}",".rich-text {max-width: 1500px; margin: 0 auto;}"],"settings":{"desktop_content_position":"center","content_alignment":"center","color_scheme":"scheme-2","full_width":true,"padding_top":40,"padding_bottom":52}},"image_banner_KaLyFN":{"type":"image-banner","custom_css":["h2,p {color: black;}",".banner {max-width: 1500px; margin: 0 auto;}"],"settings":{"image":"shopify:\/\/shop_images\/SR11_Pair_2-copy-scaled-1-1536x993_f84c56ee-3cb4-4a49-a68a-a051d6789d1e.jpg","image_overlay_opacity":0,"image_height":"small","desktop_content_position":"middle-center","show_text_box":true,"desktop_content_alignment":"center","color_scheme":"","image_behavior":"none","mobile_content_alignment":"center","stack_images_on_mobile":true,"show_text_below":true}},"rich_text_kMkra8":{"type":"rich-text","blocks":{"heading_FNRizn":{"type":"heading","settings":{"heading":"<strong>A world first true endurance race pad<\/strong>","heading_size":"h2"}},"text_UJiUwm":{"type":"text","settings":{"text":"<p>Whilst the competition struggles to make organic and semi-metallic pads last longer and longer to reach the pinnacle of brake pad durability, EBC has taken a fresh new approach with a blend of compressed and heat fused (sintered) metal powdered alloys, to deliver a brake pad that brakes better and lasts longer than just about everything. Although badged an endurance grade, these pads are equally at home in any form of closed-circuit racing, short or long duration. The new SR series comes in two blends, SR11™ the medium friction version and SR21™ the higher friction options<\/p>"}}},"block_order":["heading_FNRizn","text_UJiUwm"],"custom_css":["h2,p {color: white;}",".rich-text {max-width: 1500px; margin: 0 auto;}"],"settings":{"desktop_content_position":"center","content_alignment":"left","color_scheme":"scheme-d3c5c3ce-7683-4f26-a794-c986368fda92","full_width":true,"padding_top":24,"padding_bottom":24}},"multicolumn_p7B9d4":{"type":"multicolumn","blocks":{"column_9kBA7C":{"type":"column","settings":{"image":"shopify:\/\/shop_images\/Spidergrams_November_2022_SR11.webp","title":"<strong>SR11<\/strong>","text":"<p>EBC Sintered SR pads are in a class of their own.<\/p><p>Made in the USA plant of EBC Brakes, SR bites harder and lasts longer than anything without damaging rotors. There have been a few sintered pads around in the past but never like these.<\/p><p>With the transfer film technology employed in creating this compound, disc wear is almost totally eliminated. Being a “hard” pad in compressibility terms means pedal feel will also be better and more responsive.<\/p><p>Wear life is huge and tests have shown 3-5 times longer life than competitor semi-metallic pads.<\/p><p>The SR11™ medium friction compound is targeted for front of street base cars where high ABS effect exists on the car or for the front and rear of race cars with bias controls. SR is therefore only made in a limited range of ultra-fast street vehicle systems or for full race calipers from such as AP, Brembo, Alcon, and Wilwood which will launch in spring 2022.<\/p><p>The biggest advantage of SR is twofold….more bite, less fade, and the LOWEST cost per racing mile of any pad.<\/p><p>Another huge positive is the almost instant brake obtained from SR after merely matching the pads to the rotors the brakes are right there from the cold up to 900°C (Ambient – 1650°F)<\/p><p>There is NO CHEMICAL BEDDING on SR, you just fit them and race since there are no volatiles to burn off, another first in race brake technology<\/p><p>Dozens of top teams have run SR in 2021 and every single one has requested supplies for the 2022 racing season.<\/p>","link_label":"","link":""}},"column_NTwxPY":{"type":"column","settings":{"image":"shopify:\/\/shop_images\/Spidergrams_November_2022_SR21.webp","title":"<strong>SR21<\/strong>","text":"<p>BC Sintered SR pads are in a class of their own.<\/p><p>Made in the USA plant of EBC Brakes, SR bites harder and lasts longer than anything without damaging rotors. There have been a few sintered pads around in the past but never like these.<\/p><p>With the transfer film technology employed in creating this compound, disc wear is almost totally eliminated. Being a “hard “pad in compressibility terms means pedal feel will also be better and more responsive.<\/p><p>Wear life is huge and tests have shown 3-5 times longer life than competitor semi-metallic pads.<\/p><p>The SR21™ ultra-high friction compound is targeted for the front and rear of race cars with bias controls only. SR is therefore only made for full race calipers from such as AP, Brembo, Alcon, and Wilwood and will launch in spring 2022.<\/p><p>The biggest advantage of SR is twofold….more bite, less fade, and the LOWEST cost per racing mile of any pad.<\/p><p>Another huge positive is the almost instant brake obtained from SR after merely matching the pads to the rotors the brakes are right there from the cold up to 925°C (Ambient – 1697°F)<\/p><p>There is NO CHEMICAL BEDDING on SR, you just fit them and race since there are no volatiles to burn off, another first in race brake technology<\/p><p>Dozens of Top teams have run SR in 2021 and every single one has requested supplies for the 2022 racing season.<\/p>","link_label":"","link":""}}},"block_order":["column_9kBA7C","column_NTwxPY"],"settings":{"title":"","heading_size":"h1","image_width":"full","image_ratio":"adapt","columns_desktop":2,"column_alignment":"left","background_style":"none","button_label":"","button_link":"","color_scheme":"","columns_mobile":"1","swipe_on_mobile":false,"padding_top":36,"padding_bottom":36}},"filter_widget_jMDwqd":{"type":"filter-widget","settings":{}}},"order":["filter_widget_jMDwqd","main","rich_text_f7FGc8","image_banner_KaLyFN","rich_text_kMkra8","multicolumn_p7B9d4"]}