{"sections":{"main":{"type":"main-page","disabled":true,"settings":{"padding_top":28,"padding_bottom":28}},"filter_widget_tQigUy":{"type":"filter-widget","settings":{}},"rich_text_9YAq6K":{"type":"rich-text","blocks":{"heading_UGwjwn":{"type":"heading","settings":{"heading":"<strong>EBC Ultimax2™ Brake Pads<\/strong>","heading_size":"h1"}},"text_Y4MCiF":{"type":"text","settings":{"text":"<p><strong>Elevate Your Braking Experience with Ultimax2™<\/strong><br\/>Engineered in the UK for ultimate performance, Ultimax2™ brake pads are your perfect choice for precision braking. Free from steel fibers, these pads are gentle on rotors, produce minimal dust, and deliver exceptional stopping power with their coveted GG friction rating.<\/p><p>Proudly carrying the prestigious “Leaf Mark” and the highest N rating, Ultimax2™ stands out for its superior environmental safety—perfect for those who prioritize both performance and the planet.<\/p><p>Choose quality braking without compromise. Upgrade to Ultimax2™ today.<\/p>"}}},"block_order":["heading_UGwjwn","text_Y4MCiF"],"custom_css":["h2,p {color: white !important;}"],"settings":{"desktop_content_position":"center","content_alignment":"left","color_scheme":"scheme-d3c5c3ce-7683-4f26-a794-c986368fda92","full_width":true,"padding_top":36,"padding_bottom":36}},"multicolumn_ycDQfU":{"type":"multicolumn","blocks":{"column_CnK4xn":{"type":"column","settings":{"image":"shopify:\/\/shop_images\/1_8554e743-43ba-4ab4-8ce3-f22bdba82978.jpg","title":"","text":"","link_label":"","link":""}},"column_PLHiUe":{"type":"column","settings":{"image":"shopify:\/\/shop_images\/2_5ae80ef5-70d6-49a6-833c-8e167eaae055.jpg","title":"","text":"","link_label":"","link":""}},"column_3jAj7j":{"type":"column","settings":{"image":"shopify:\/\/shop_images\/3.jpg","title":"","text":"","link_label":"","link":""}}},"block_order":["column_CnK4xn","column_PLHiUe","column_3jAj7j"],"settings":{"title":"","heading_size":"h2","image_width":"full","image_ratio":"adapt","columns_desktop":3,"column_alignment":"left","background_style":"none","button_label":"","button_link":"","color_scheme":"","columns_mobile":"1","swipe_on_mobile":false,"padding_top":0,"padding_bottom":0}},"rich_text_wGdn8C":{"type":"rich-text","blocks":{"heading_AEpa8h":{"type":"heading","settings":{"heading":"<strong>Why Choose EBC Ultimax2 Pads?<\/strong>","heading_size":"h1"}},"text_KeRJKg":{"type":"text","settings":{"text":"<p>A simple, quality UK made OE Replacement brake pad. There is no need to look further then the Ultimax2 brake pad from EBC Brakes.<\/p>"}},"text_hVcKcx":{"type":"text","settings":{"text":"<p>Made in the EBC Brakes UK’s manufacturing plant in Bristol. The Ultimax2 brake pad is a beautifully engineered brake compound that is a great choice for the urban, everyday driver which lasts well and produces minimal brake dust. A quality choice for the value.<\/p>"}},"text_qiR43w":{"type":"text","settings":{"text":"<p>The Ultimax2 brake pad is a ZERO steel fibre brake pad making it completely NON Metallic, this creates a cleaner pad and is far less aggressive to your brake rotors.<\/p><p>The Ultimax2 has been developed to replace the original Ultimax compound.<\/p><p>Tested throughout the world, in cold and damp conditions in places such as Northern Europe and Scandinavia, as well as hot and humid temperatures in the Caribbean where brake noise was Zero.<\/p>"}}},"block_order":["heading_AEpa8h","text_KeRJKg","text_hVcKcx","text_qiR43w"],"custom_css":["h2,p {color: white !important;}"],"settings":{"desktop_content_position":"center","content_alignment":"left","color_scheme":"scheme-d3c5c3ce-7683-4f26-a794-c986368fda92","full_width":true,"padding_top":36,"padding_bottom":36}},"multicolumn_MNAiXz":{"type":"multicolumn","blocks":{"column_BaPFR3":{"type":"column","settings":{"image":"shopify:\/\/shop_images\/Ultimax_Generic_pad_box.jpg","title":"<strong>EBC Ultimax2 Brake Pads<\/strong>","text":"<h6>- Superb for everyday use and urban driving.<\/h6><h6>- R90 approved.<\/h6><h6>- Instant safe brake after install.<\/h6><h6>- Eco friendly material with Zero sulphides.<\/h6><h6>- No shims for noise reduction needed.<\/h6><h6>- Improved bite from cold.<\/h6><h6>- Works in all climates around the world.<\/h6>","link_label":"","link":""}},"column_zCU89T":{"type":"column","settings":{"image":"shopify:\/\/shop_images\/ultimax-diagram.jpg","title":"<strong>Ultimax2 Brake Pads <\/strong>","text":"<p><strong>Exceptional Safety and Unmatched Value<\/strong><\/p><p>Introducing EBC Ultimax2™, a fully ECE R90 approved brake pad range that delivers top-tier safety without compromising your budget. Priced at less than half the cost of original parts, Ultimax2™ offers totally equivalent performance thanks to its R90 brake safety approval. Experience great value for money combined with first-class driving safety.<\/p>","link_label":"","link":""}}},"block_order":["column_BaPFR3","column_zCU89T"],"settings":{"title":"","heading_size":"h1","image_width":"full","image_ratio":"adapt","columns_desktop":2,"column_alignment":"left","background_style":"none","button_label":"","button_link":"","color_scheme":"scheme-1","columns_mobile":"1","swipe_on_mobile":false,"padding_top":24,"padding_bottom":24}},"rich_text_H9Ewej":{"type":"rich-text","blocks":{"heading_NzDTER":{"type":"heading","settings":{"heading":"<strong>Key Features<\/strong>","heading_size":"h2"}},"text_fyWit3":{"type":"text","settings":{"text":"<p>- Direct OE Equivalent: Ultimax2™ brake pads are engineered to be a direct equivalent to Original Equipment (OE) brake pads, ensuring seamless compatibility and performance.<\/p><p>- Silent Braking: Our quietest pad formulation ensures silent braking, enhancing your driving comfort by minimizing unwanted noise.<\/p><p>- Progressive Braking Feel: Experience a progressive braking feel with excellent cold friction, delivering smooth and responsive braking from the first application.<\/p><p>- Brake-In™ Coating: Equipped with our exclusive Brake-In™ coating, Ultimax2™ pads achieve an accelerated pad bed-in period, ensuring optimal performance right from installation.<\/p><p>- ECE R90 Approved: R90 approval guarantees that Ultimax2™ pads are legal for public highway use across European markets, meeting stringent safety and performance standards.<\/p><p>- Enhanced Durability: Featuring Nucap NRS hooks on back plates, these pads eliminate the chance of pad debonding, ensuring long-lasting performance and reliability.<\/p><p>- Not Suitable for Track Use: Designed for everyday driving, Ultimax2™ is not intended for track use, ensuring it meets the specific needs of urban and daily drivers.<\/p>"}},"text_7wzE4m":{"type":"text","settings":{"text":"<p>- All-Weather Performance: Suitable for general public highway use in both hot and cold climates, providing reliable braking no matter the conditions.<\/p>"}},"text_DNXAhq":{"type":"text","settings":{"text":"<p>- Silent Braking: Our quietest pad formulation ensures silent braking, enhancing your driving comfort by minimizing unwanted noise.<\/p>"}}},"block_order":["heading_NzDTER","text_fyWit3","text_7wzE4m","text_DNXAhq"],"custom_css":["h2,p {color: white !important;}",".rich-text {color: white !important;}",".rte {margin: 0px;}"],"settings":{"desktop_content_position":"center","content_alignment":"left","color_scheme":"scheme-5","full_width":true,"padding_top":36,"padding_bottom":36}},"rich_text_iWYHn7":{"type":"rich-text","blocks":{"heading_MtJWqR":{"type":"heading","settings":{"heading":"<strong>Upgrade to Ultimax2™ Today<\/strong>","heading_size":"h1"}},"text_TCPXb9":{"type":"text","settings":{"text":"<p>Choose Ultimax2™ brake pads for a perfect blend of <strong>safety, performance, and value<\/strong>. Whether you're navigating city streets or driving long distances, Ultimax2™ ensures your braking system performs reliably and quietly, enhancing your overall driving experience.<\/p><p><strong>Why spend more when you can get the perfect OEM replacement?<\/strong> Upgrade to Ultimax2™ and enjoy <strong>quality braking without compromise<\/strong>.<\/p>"}}},"block_order":["heading_MtJWqR","text_TCPXb9"],"custom_css":["h2,p {color: white !important;}"],"settings":{"desktop_content_position":"center","content_alignment":"left","color_scheme":"scheme-d3c5c3ce-7683-4f26-a794-c986368fda92","full_width":true,"padding_top":40,"padding_bottom":52}},"video_WhAN83":{"type":"video","settings":{"heading":"","heading_size":"h1","enable_video_looping":false,"video_url":"https:\/\/www.youtube.com\/watch?v=GXm_ABBMd4E&list=PLsgxvW74X0jIHsTPGXKshbis7yL0Mjk_m&index=3","cover_image":"shopify:\/\/shop_images\/Ultimax.jpg","description":"","full_width":false,"color_scheme":"","padding_top":36,"padding_bottom":36}},"featured_collection_6QanjU":{"type":"featured-collection","settings":{"title":"","heading_size":"h1","description":"","show_description":false,"description_style":"body","collection":"ultimax-brake-pads","products_to_show":25,"columns_desktop":6,"full_width":true,"show_view_all":true,"view_all_style":"solid","enable_desktop_slider":false,"color_scheme":"","image_ratio":"adapt","image_shape":"default","show_secondary_image":false,"show_vendor":false,"show_rating":false,"quick_add":"none","columns_mobile":"2","swipe_on_mobile":false,"padding_top":36,"padding_bottom":36}}},"order":["main","filter_widget_tQigUy","rich_text_9YAq6K","multicolumn_ycDQfU","rich_text_wGdn8C","multicolumn_MNAiXz","rich_text_H9Ewej","rich_text_iWYHn7","video_WhAN83","featured_collection_6QanjU"]}