{"sections":{"main":{"type":"main-page","disabled":true,"settings":{"padding_top":28,"padding_bottom":28}},"rich_text_Hfh9dy":{"type":"rich-text","blocks":{"heading_WnFQWx":{"type":"heading","settings":{"heading":"An FAQ just to help","heading_size":"h2"}},"text_7F9r6b":{"type":"text","settings":{"text":"<p>Buying brakes online can feel overwhelming if you're unsure what to look for. To make things easier, we've put together a detailed FAQ guide to help you find the right fit for your vehicle. If you have any questions about compatibility, installation, or anything else, check out our FAQ before reaching out – it might have the answers you need!<\/p>"}},"button_XJ4fB9":{"type":"button","settings":{"button_label":"Contact us","button_link":"shopify:\/\/pages\/contact","button_style_secondary":false,"button_label_2":"","button_link_2":"","button_style_secondary_2":false}}},"block_order":["heading_WnFQWx","text_7F9r6b","button_XJ4fB9"],"custom_css":["h2,p {color: white;}",".rich-text {max-width: 1500px; margin: 0 auto;}"],"settings":{"desktop_content_position":"center","content_alignment":"center","color_scheme":"scheme-f3a069ef-cb64-4923-a5cb-6a2239ba5446","full_width":true,"padding_top":40,"padding_bottom":52}},"collapsible_content_jzNXAp":{"type":"collapsible-content","blocks":{"collapsible_row_TMkbTg":{"type":"collapsible_row","settings":{"heading":"EBC Ultimax Brake Pads","icon":"check_mark","row_content":"<p>Ultimax are the EBC Standard replacement range, designed to be an OE Replacement, these pads are offer lower dust than standard with a longer lifetime and aimed for normal urban use. Read more <a href=\"https:\/\/ebc-brake-shop.myshopify.com\/pages\/info-ultimax2-brake-pads\" target=\"_blank\" title=\"https:\/\/ebc-brake-shop.myshopify.com\/pages\/info-ultimax2-brake-pads\">HERE<\/a><\/p>","page":""}},"collapsible_row_Hh6Uin":{"type":"collapsible_row","settings":{"heading":"EBC Greenstuff Brake Pads (2000 Series)","icon":"check_mark","row_content":"<p>Greenstuff are the perfect urban\/street upgrade, these pads decrease stopping distances over the standard pads on lighter vehicles like hatches and saloons, they emit lower dust than a standard pad too on most applications, popular amongst the classic community. Read more <a href=\"https:\/\/ebc-brake-shop.myshopify.com\/pages\/info-greenstuff-brake-pads\" target=\"_blank\" title=\"https:\/\/ebc-brake-shop.myshopify.com\/pages\/info-greenstuff-brake-pads\">HERE<\/a><\/p>","page":""}},"collapsible_row_TRY3Ef":{"type":"collapsible_row","settings":{"heading":"EBC Greenstuff Brake Pads (6000 Series)","icon":"check_mark","row_content":"<p>Greenstuff Elite\/SUV pads are a newer compound available made to open up the options for SUV and light truck applications offering better braking power, longer life and less noise. Read more <a href=\"https:\/\/ebc-brake-shop.myshopify.com\/pages\/info-greenstuff-brake-pads\" target=\"_blank\" title=\"https:\/\/ebc-brake-shop.myshopify.com\/pages\/info-greenstuff-brake-pads\">HERE<\/a><\/p>","page":""}},"collapsible_row_zD4NCg":{"type":"collapsible_row","settings":{"heading":"EBC Redstuff Brake Pads","icon":"check_mark","row_content":"<p>Redstuff Pads are the flagship street use EBC pad for lower dust levels aimed for mostorway use and on heavier prestige vehicles. These pads are designed to deliver one of the longest lasting and silent pads available.  Read more <a href=\"https:\/\/ebc-brake-shop.myshopify.com\/pages\/info-redstuff-brake-pads\" target=\"_blank\" title=\"https:\/\/ebc-brake-shop.myshopify.com\/pages\/info-redstuff-brake-pads\">HERE<\/a><\/p>","page":""}},"collapsible_row_JgBtq8":{"type":"collapsible_row","settings":{"heading":"EBC Yellowstuff Brake Pads","icon":"check_mark","row_content":"<p>Yellowstuff are a fast road pad, also capable of occasional track day with their superb heat resistance, these pads will also have one of the best cold bites of all EBC compounds available for street use, a very popular choice for higher performance vehicles where stopping is prime requirement, a real customer favourite. Read more <a href=\"https:\/\/ebc-brake-shop.myshopify.com\/pages\/info-yellowstuff-brake-pads\" target=\"_blank\" title=\"https:\/\/ebc-brake-shop.myshopify.com\/pages\/info-yellowstuff-brake-pads\">HERE<\/a><\/p>","page":""}},"collapsible_row_G6Pn9y":{"type":"collapsible_row","settings":{"heading":"EBC Bluestuff Brake Pads","icon":"check_mark","row_content":"<p>Bluestuff NDX pads are an ultra-high friction race pad, these pads have become road legal with the majority have R90 approval so are fit for road use. The cold bite on the NDX pads is great, this improves as the brakes generate heat and is also one of the first pre-bedding pads from the box giving drastic reduction in pad bed-in time on street on track. Becoming a real favourite and incredible option as roads cars become faster and heavier. Read more<a href=\"https:\/\/ebc-brake-shop.myshopify.com\/pages\/info-bluestuff-ndx-brake-pads\" target=\"_blank\" title=\"https:\/\/ebc-brake-shop.myshopify.com\/pages\/info-bluestuff-ndx-brake-pads\"> HERE.<\/a><\/p><p>Bluestuff B compound is a hybrid street and track pad like the NDX however this B compound offers a slightly lower friction level than it's sister compound. These are generally available for the rear of vehicles to help avoid brake fade and rear axle lock up. <\/p><p><\/p>","page":""}}},"block_order":["collapsible_row_TMkbTg","collapsible_row_Hh6Uin","collapsible_row_TRY3Ef","collapsible_row_zD4NCg","collapsible_row_JgBtq8","collapsible_row_G6Pn9y"],"settings":{"caption":"","heading":"Which compound suits my vehicle best? (Road use)","heading_size":"h1","heading_alignment":"center","layout":"none","color_scheme":"scheme-1","container_color_scheme":"","open_first_collapsible_row":false,"image_ratio":"adapt","desktop_layout":"image_second","padding_top":36,"padding_bottom":36}},"collapsible_content_G33LXY":{"type":"collapsible-content","blocks":{"collapsible_row_zNdzQq":{"type":"collapsible_row","settings":{"heading":"EBC RP1 Racing Pads","icon":"check_mark","row_content":"<p>RP1 racing pads are a dedicated racing pad designed for high performance vehicles driven hard on track. RP-1 has a 25% reduction in friction coefficent across it's working temperature range. when it comes to the RP range it's about the track and your style of preference. Read more <a href=\"https:\/\/ebc-brake-shop.myshopify.com\/pages\/info-rp1-rpx-brake-pads\" target=\"_blank\" title=\"https:\/\/ebc-brake-shop.myshopify.com\/pages\/info-rp1-rpx-brake-pads\">HERE.<\/a><\/p><p>These pads are not for Road use and are not R90 approved.<\/p>","page":""}},"collapsible_row_MK8MTU":{"type":"collapsible_row","settings":{"heading":"EBC RPX Racing Pads","icon":"check_mark","row_content":"<p>RPX are also dedicated race pads however these offer greater performance the RP1, RPX has a 25% increasing in friction coefficient accross is working temperature range with a much more 'positive' intitial bite. This characterstic potentially makes RPX more suitable on heavy or inherently under servoed vehicles. when it comes to the RP range it's about the track and your style of preference. Rear more <a href=\"https:\/\/ebc-brake-shop.myshopify.com\/pages\/info-rp1-rpx-brake-pads\" target=\"_blank\" title=\"https:\/\/ebc-brake-shop.myshopify.com\/pages\/info-rp1-rpx-brake-pads\">HERE<\/a><\/p><p>These pads are not for Road use and are not R90 approved.<\/p>","page":""}},"collapsible_row_aUeEyG":{"type":"collapsible_row","settings":{"heading":"EBC SR11 and EBC SR21 Racing Pads","icon":"check_mark","row_content":"<p>The SR11 and SR21 are a sintered race pad selection made for the fastest asphalt race and endurance applications, both applications hold consistent minimal disc wear, work from cold and have an extremely fast bed-time. The SR11 has a heat range of  0° to 900°C\/1650°F. The SR21 has a slightly increased heat range of0° to 925°C\/1700°F.<\/p><p>Read more <a href=\"https:\/\/ebc-brake-shop.myshopify.com\/pages\/info-sr-series-brake-pads\" target=\"_blank\" title=\"https:\/\/ebc-brake-shop.myshopify.com\/pages\/info-sr-series-brake-pads\">HERE<\/a><\/p>","page":""}}},"block_order":["collapsible_row_zNdzQq","collapsible_row_MK8MTU","collapsible_row_aUeEyG"],"custom_css":["{max-width: 1500px; margin: 0 auto;}"],"settings":{"caption":"","heading":"Going on track, which compound is for me? (Track use)","heading_size":"h1","heading_alignment":"center","layout":"none","color_scheme":"scheme-2","container_color_scheme":"","open_first_collapsible_row":false,"image_ratio":"adapt","desktop_layout":"image_second","padding_top":36,"padding_bottom":36}},"collapsible_content_49UPJ7":{"type":"collapsible-content","blocks":{"collapsible_row_peDQn7":{"type":"collapsible_row","settings":{"heading":"How many do I need to buy?","icon":"check_mark","row_content":"<p>All car Pads and discs are sold as Axle sets, so a quantity of 1 is needed, the only time this changes is the PD40 kits where you get the whole vehicle.<\/p><p>Drums are sold as singles.<\/p><p>Wear leads are also sold as what that vehicle requires for that axle.<\/p>","page":""}},"collapsible_row_B9MkMq":{"type":"collapsible_row","settings":{"heading":"Export Tax and Duties","icon":"check_mark","row_content":"<p>All export orders will not be charged Tax, this will be paid by yourself as the product enters your country. The courier will reach out for this payment. <\/p>","page":""}}},"block_order":["collapsible_row_peDQn7","collapsible_row_B9MkMq"],"settings":{"caption":"","heading":"Purchasing","heading_size":"h1","heading_alignment":"center","layout":"none","color_scheme":"","container_color_scheme":"","open_first_collapsible_row":false,"image_ratio":"adapt","desktop_layout":"image_second","padding_top":36,"padding_bottom":36}},"collapsible_content_why6J4":{"type":"collapsible-content","blocks":{"collapsible_row_ciirGa":{"type":"collapsible_row","settings":{"heading":"Brake Squeal","icon":"check_mark","row_content":"<p>Here’s a clearer and more structured rewrite of your text:<\/p><h3>Understanding Brake Squeal & How to Address It<\/h3><p>Brake squeal can occur with any brake pad, regardless of type, brand, or vehicle. It’s a common issue, but in most cases, it resolves itself over time.<\/p><h4>Key Facts About Brake Squeal:<\/h4><ul><li>It typically occurs within the first 200-500 miles of use and usually fades away afterward.<\/li><li>The condition of your brake discs\/rotors plays a significant role. A worn rotor with a lip or uneven surface can extend the time it takes for noise to disappear.<\/li><li>For cast iron rotors with uneven wear, the ideal solution is to have them machined on a Pro Cut lathe . A skimmed rotor can be better than a brand-new one, as long as thickness minimums are maintained.<\/li><li>There are different types of brake noise. \"Creep Graunch\" is a low noise heard when releasing the brake from a standstill (often worse in reverse), while more persistent squeal usually falls under the first point.<\/li><\/ul><h4>How to Reduce or Eliminate Brake Squeal:<\/h4><p>✔ Ensure your pads have noise shims—all EBC pads come with them.<br\/>✔ Allow proper bedding-in of the pads. If the noise persists after 500 miles, perform a few heavier brake applications in a safe environment.<br\/>✔ Check the condition of your calipers. Brake calipers should be serviced or replaced every 5-7 years. Corroded caliper sliders and pins can cause pad drag, leading to overheating and squeal.<\/p><p>By following these steps, you can minimize brake noise and ensure optimal braking performance.<\/p><p>We also sell anti-squeal shims <a href=\"https:\/\/ebc-brake-shop.myshopify.com\/products\/ebc-automotive-anti-squeal-shim-kit-4-pack\" target=\"_blank\" title=\"https:\/\/ebc-brake-shop.myshopify.com\/products\/ebc-automotive-anti-squeal-shim-kit-4-pack\">HERE<\/a><\/p>","page":""}},"collapsible_row_jcWEeq":{"type":"collapsible_row","settings":{"heading":"Rotor Vibration","icon":"check_mark","row_content":"<h3>Understanding Brake Vibration & Runout Issues<\/h3><p>If sport rotors are not checked for runout, a clicking noise may occur once per wheel revolution, even without applying the brakes. If you experience this—especially soon after installation—return to the service shop and have the rotors checked for runout.<\/p><p>Runout tolerance recommendations vary:<\/p><ul><li>0.001 to 0.002 inches for most European cars<\/li><li>0.003 to 0.006 inches for larger U.S. trucks and SUVs<\/li><\/ul><p>Exceeding these limits is unacceptable, as it will lead to brake vibration after approximately 3,000 to 4,000 miles. This is not a warranty issue but rather a result of improper installation.<\/p><h3>Common Causes of Excess Runout:<\/h3><ul><li>Mounting rotors on dirty, rusty, or corroded hubs<\/li><li>Excessive use of mounting grease<\/li><li>Incorrect rotor installation and improper tightening procedures<\/li><\/ul><p>A skilled installer will hand-tighten the rotor studs in a diagonal pattern, gradually increasing torque by hand before performing a final tightening with a torque wrench. Ideally, no air guns should be used—these tools are often misused, leading to improper installation.<\/p><h3>Why Does Vibration Occur After 3,000-4,000 Miles?<\/h3><p>Many people ask why brake vibration appears at this mileage and how EBC can estimate it so precisely. The reason is that the issue develops off-brake—while driving without applying the brakes. Excess runout causes the brake pads to lightly \"kiss\" the rotor with each wheel revolution, gradually wearing a microscopic thin spot into the rotor. This results in Disc Thickness Variation (DTV), which leads to brake pulsation.<\/p><h3>How to Fix Brake Vibration<\/h3><p>To resolve the issue, rotors will need to be machined at a brake shop or replaced. EBC sport grooved rotors can be resurfaced effectively using standard AAMCO brake lathes, but if they are too worn or scored, replacement is necessary. New brake pads will always be required when replacing or machining rotors.<\/p><p>Before heading to a shop, identify whether the vibration is coming from the front or rear to avoid unnecessary brake work:<\/p><ul><li>Vibration felt through the steering wheel usually indicates a front brake issue.<\/li><li>Vibration felt through the car’s body or seat often points to a rear brake issue.<\/li><\/ul><h3>Best Brake Pads to Prevent or Reduce Vibration<\/h3><p>High-quality brake pads with high thermal conductivity help reduce the likelihood of vibration caused by DTV or thermal shock. Thermal shock is particularly common in European vehicles. All EBC brake pads are designed to minimize vibration, and EBC’s online catalog provides recommendations for the best options for each vehicle.<\/p><p>Get your discs skimmed <a href=\"https:\/\/skimmydiscs.co.uk\/\" target=\"_blank\" title=\"https:\/\/skimmydiscs.co.uk\/\">HERE<\/a><\/p>","page":""}},"collapsible_row_QEaaA7":{"type":"collapsible_row","settings":{"heading":"Brake Dust","icon":"check_mark","row_content":"<h3>Understanding Brake Dust & Choosing the Right Brake Pad<\/h3><p>Some brake dust is unavoidable with any brake pad—completely eliminating it would lead to brake vibration. EBC does not claim to offer zero dust pads, only low-dust options. In some cases, dust levels may be similar to those of original equipment pads.<\/p><p>However, it’s important to note:<\/p><ul><li>Brake dust is more noticeable during the first 1,000 miles, especially if new pads were installed on partially worn rotors.<\/li><li>Incorrect pad selection can also contribute to excessive dust.<\/li><\/ul><p>For vehicles with over 200 horsepower or for drivers who engage in spirited driving, Green pads may not be the best choice. Red Ceramic pads, being slightly harder, handle higher speeds and loads better while producing less dust. If Green pads are overheating and carbonizing, upgrading to Red Ceramic is recommended.<\/p><p>For those looking for minimal dust, the best options are:<br\/>✔ Redstuff<br\/>✔ Greenstuff<\/p><p>While Yellow compounds provide exceptional braking performance, they produce dust levels comparable to standard OEM pads. If low dust is your priority, they may not be the best choice.<\/p>","page":""}}},"block_order":["collapsible_row_ciirGa","collapsible_row_jcWEeq","collapsible_row_QEaaA7"],"custom_css":["{max-width: 1500px; margin: 0 auto;}"],"settings":{"caption":"","heading":"Having a problem?","heading_size":"h1","heading_alignment":"center","layout":"none","color_scheme":"scheme-2","container_color_scheme":"","open_first_collapsible_row":false,"image_ratio":"adapt","desktop_layout":"image_second","padding_top":36,"padding_bottom":36}}},"order":["main","rich_text_Hfh9dy","collapsible_content_jzNXAp","collapsible_content_G33LXY","collapsible_content_49UPJ7","collapsible_content_why6J4"]}