{"sections":{"rich_text_3RA3JH":{"type":"rich-text","blocks":{"heading_QgFadV":{"type":"heading","settings":{"heading":"Contact us","heading_size":"h2"}},"text_H9xQyF":{"type":"text","settings":{"text":"<p>If you need to reach out to us use the contact methods below.<\/p><p>Or check out the helpful FAQ page<\/p>"}},"button_nHxiXP":{"type":"button","settings":{"button_label":"FAQ","button_link":"shopify:\/\/pages\/faq","button_style_secondary":true,"button_label_2":"","button_link_2":"","button_style_secondary_2":false}}},"block_order":["heading_QgFadV","text_H9xQyF","button_nHxiXP"],"custom_css":["h2,p {color: white;}",".rich-text {max-width: 1500px; margin: 0 auto;}"],"settings":{"desktop_content_position":"center","content_alignment":"center","color_scheme":"scheme-f3a069ef-cb64-4923-a5cb-6a2239ba5446","full_width":true,"padding_top":40,"padding_bottom":52}},"multicolumn_L7Tnzn":{"type":"multicolumn","blocks":{"column_Vk4U6N":{"type":"column","settings":{"title":"<strong>Our Address<\/strong>","text":"<p>EBC Brake Shop<\/p><p>40 Huxley Close<\/p><p>Park Farm Industrial Estate<\/p><p>Wellingborough<\/p><p>Northamptonshire<\/p><p>NN8 6AB<\/p>","link_label":"","link":""}},"column_EJixna":{"type":"column","settings":{"title":"<strong>Opening Hours<\/strong>","text":"<p>Open between the hours of<\/p><p>Monday: 08:30 - 17:00<\/p><p>Tuesday: 08:30 - 17:00<\/p><p>Wednesday: 08:30 - 17:00<\/p><p>Thursday: 08:30 - 17:00<\/p><p>Weekends: Closed<\/p><p><\/p>","link_label":"","link":""}}},"block_order":["column_Vk4U6N","column_EJixna"],"settings":{"title":"","heading_size":"h1","image_width":"full","image_ratio":"adapt","columns_desktop":2,"column_alignment":"left","background_style":"primary","button_label":"Button label","button_link":"","color_scheme":"","columns_mobile":"1","swipe_on_mobile":false,"padding_top":36,"padding_bottom":36}},"rich_text_WGeiUj":{"type":"rich-text","blocks":{"text_AxWjPy":{"type":"text","settings":{"text":"<p>Email: sales@ebcbrakeshop.co.uk<\/p><p>Phone: +44 1604 212140<\/p><p>whatsapp: +44 7360 599576<\/p>"}},"text_LLjtkq":{"type":"text","settings":{"text":"<p>POTN LTD<\/p><p>Company Number: 0446778<\/p><p>VAT Number: GB783983173<\/p>"}}},"block_order":["text_AxWjPy","text_LLjtkq"],"settings":{"desktop_content_position":"left","content_alignment":"left","color_scheme":"scheme-1","full_width":true,"padding_top":12,"padding_bottom":16}},"main":{"type":"main-page","disabled":true,"settings":{"padding_top":36,"padding_bottom":36}},"form":{"type":"contact-form","custom_css":[".contact {max-width: 1500px; margin: 0 auto;}"],"settings":{"heading":"","heading_size":"h1","color_scheme":"scheme-5","padding_top":36,"padding_bottom":36}}},"order":["rich_text_3RA3JH","multicolumn_L7Tnzn","rich_text_WGeiUj","main","form"]}