{"sections":{"main":{"type":"main-page","disabled":true,"settings":{"padding_top":28,"padding_bottom":28}},"filter_widget_UDbdiq":{"type":"filter-widget","settings":{}},"rich_text_wEahf9":{"type":"rich-text","blocks":{"heading_MJcnTk":{"type":"heading","settings":{"heading":"EBC Redstuff <strong>NAO Ceramic Enhanced<\/strong> Brake Pads","heading_size":"h1"}},"text_CB6HKV":{"type":"text","settings":{"text":"<p><strong>EBC Redstuff<\/strong> is a premium <strong>Non-Asbestos Organic (NAO)<\/strong> ceramic-granule enhanced brake pad, designed for exceptional performance across a wide range of vehicles. Whether you drive a hatchback, hot hatch, sedan, muscle car, or even a truck or SUV, <strong>EBC Redstuff<\/strong> delivers unparalleled braking power and eco-friendly design. Now, the trusted <strong>Redstuff<\/strong> formulation is available for trucks and SUVs under the new <strong>2022 ED Plus brake pad range<\/strong> from EBC.<\/p>"}}},"block_order":["heading_MJcnTk","text_CB6HKV"],"custom_css":["h2,p {color: white !important;}"],"settings":{"desktop_content_position":"center","content_alignment":"center","color_scheme":"scheme-b80ee5f9-7532-4f43-a4e7-cc95d5a7e016","full_width":true,"padding_top":36,"padding_bottom":36}},"multicolumn_MkbJBe":{"type":"multicolumn","blocks":{"column_pYggCM":{"type":"column","settings":{"image":"shopify:\/\/shop_images\/DP31539C_Pair.jpg","title":"","text":"","link_label":"","link":""}},"column_DtmcAn":{"type":"column","settings":{"image":"shopify:\/\/shop_images\/DP3002C.jpg","title":"","text":"","link_label":"","link":""}},"column_77EK6f":{"type":"column","settings":{"image":"shopify:\/\/shop_images\/DP31210C_Single.jpg","title":"","text":"","link_label":"","link":""}}},"block_order":["column_pYggCM","column_DtmcAn","column_77EK6f"],"settings":{"title":"","heading_size":"h1","image_width":"full","image_ratio":"adapt","columns_desktop":3,"column_alignment":"left","background_style":"none","button_label":"","button_link":"","color_scheme":"","columns_mobile":"1","swipe_on_mobile":false,"padding_top":0,"padding_bottom":0}},"rich_text_dLage3":{"type":"rich-text","blocks":{"heading_eawXtd":{"type":"heading","settings":{"heading":"<strong>Why Choose EBC Redstuff Pads?<\/strong>","heading_size":"h1"}},"text_9mNdmB":{"type":"text","settings":{"text":"<p>An excellent street brake pad material for prestige and faster cars, EBC RedStuff ceramic brake pads set new standards in brake performance.<\/p><p>RedStuff is available for heavier and faster cars. The RedStuff offers a great combination of performance and low brake dust.<\/p><p>RedStuff brake pads are however as a harder compound does take longer to full bed in to achieve its higher levels of performance (this can be up to 1000 miles urban use) during which time brake noise may be heard especially in cold and damp conditions. A Press of the brake pedal when moving to clear the rotor of any dampness and this should disappear leaving you with a brake pad that is confidence inspiring.<\/p><p><strong>Reduced brake dust.<\/strong><\/p><p>Brake dust is always something we get asked about as a retailer which is why we are happy to offer the RedStuff brake pad which gives you the ultimate blend of reduced brake dust yet still delivers great performance.<\/p><p><strong>Less Rotor wear<\/strong><\/p><p>A pad that brings you less dust will also mean less rotor wear, and is almost guaranteed that your brake discs will last longer and further then if you was using a more abrasive steel fibre compound.<\/p><p><strong>Balanced braking<\/strong><\/p><p>For the most optimum braking performance EBC RedStuff should be used both front and rear for continued great braking, ensuring a non- bias set up.<\/p>"}}},"block_order":["heading_eawXtd","text_9mNdmB"],"custom_css":["h2,p {color: white !important;}"],"settings":{"desktop_content_position":"center","content_alignment":"left","color_scheme":"scheme-b80ee5f9-7532-4f43-a4e7-cc95d5a7e016","full_width":true,"padding_top":36,"padding_bottom":36}},"multicolumn_6WFXi6":{"type":"multicolumn","blocks":{"column_cizWxP":{"type":"column","settings":{"image":"shopify:\/\/shop_images\/red-stuff-withbox.jpg","title":"<strong>EBC Redstuff Ceramic Brake Pads<\/strong>","text":"<p>- EBC lowest dust fast street pad with up to 15% improvement.<\/p><p>- Reduced brake fade with continued heavy braking.<\/p><p>- Very minimal brake disc wear.<\/p><p>- Perfect for prestige cars with high horsepower.<\/p><p>- ECE R90 Type approved for most cars.- Instant safe brake from install.<\/p><p>- Made with Nucap NRS hooks to eliminate the chance of pad debond.<\/p>","link_label":"","link":""}},"column_jGnFnF":{"type":"column","settings":{"image":"shopify:\/\/shop_images\/Spidergrams_November_2022_Redstuff.jpg","title":"<strong>EBC Redstuff Ceramic Brake Pads<\/strong>","text":"<p>Drivers choose EBC Redstuff for two standout reasons. First, these pads boast the lowest dust levels on the market, reducing brake dust by an impressive 60-90%. Even better, the minimal dust they do produce is easy to clean—simply wipe it away with a sponge, thanks to the absence of steel fiber particles found in other brake pads.<\/p><p>Second, their exceptional braking performance is unmatched. With a strong, immediate \"bite\" from cold (as good as or better than Original Equipment pads), their stopping power only improves as they warm up.<\/p>","link_label":"","link":""}}},"block_order":["column_cizWxP","column_jGnFnF"],"settings":{"title":"","heading_size":"h1","image_width":"full","image_ratio":"adapt","columns_desktop":2,"column_alignment":"left","background_style":"none","button_label":"","button_link":"","color_scheme":"","columns_mobile":"1","swipe_on_mobile":false,"padding_top":0,"padding_bottom":36}},"video_zaTRhW":{"type":"video","settings":{"heading":"","heading_size":"h1","enable_video_looping":false,"video_url":"https:\/\/www.youtube.com\/watch?v=ilEABtsyWCY&list=PLsgxvW74X0jIHsTPGXKshbis7yL0Mjk_m&index=4","cover_image":"shopify:\/\/shop_images\/RedStuff.jpg","description":"","full_width":false,"color_scheme":"","padding_top":36,"padding_bottom":0}},"filter_widget_7k4FNB":{"type":"filter-widget","settings":{}},"featured_collection_bQr6Dc":{"type":"featured-collection","settings":{"title":"","heading_size":"h1","description":"","show_description":false,"description_style":"body","collection":"ebc-redstuff-brake-pads","products_to_show":4,"columns_desktop":4,"full_width":false,"show_view_all":true,"view_all_style":"solid","enable_desktop_slider":false,"color_scheme":"","image_ratio":"adapt","image_shape":"default","show_secondary_image":false,"show_vendor":false,"show_rating":false,"quick_add":"none","columns_mobile":"2","swipe_on_mobile":false,"padding_top":36,"padding_bottom":36}}},"order":["main","filter_widget_UDbdiq","rich_text_wEahf9","multicolumn_MkbJBe","rich_text_dLage3","multicolumn_6WFXi6","video_zaTRhW","filter_widget_7k4FNB","featured_collection_bQr6Dc"]}