{"sections":{"main":{"type":"main-page","disabled":true,"settings":{"padding_top":28,"padding_bottom":28}},"filter_widget_ywYdCN":{"type":"filter-widget","settings":{"image_link":""}},"rich_text_GLfCKg":{"type":"rich-text","blocks":{"heading_VfDcFa":{"type":"heading","settings":{"heading":"<strong>EBC Greenstuff™ Brake Pads<\/strong>","heading_size":"h1"}},"text_cA4ptM":{"type":"text","settings":{"text":"<p>Designed for lighter sports sedans and hot hatches, the Greenstuff 2000 series is the ultimate choice for spirited street use. These pads provide exceptional braking performance without compromising on safety or environmental responsibility.<\/p><p><strong>Engineered for Performance<\/strong>: Delivers precise, responsive braking, ideal for dynamic driving on urban and suburban roads.<\/p><p><strong>Eco-Friendly Design<\/strong>: Awarded the prestigious “Leaf Mark” and the highest N rating for superior environmental safety.<\/p><p><strong>Balanced Durability<\/strong>: Optimized for lighter vehicles, ensuring consistent performance and extended pad life.<\/p><p>Experience the perfect blend of performance, safety, and sustainability with Greenstuff 2000 series brake pads.<\/p>"}}},"block_order":["heading_VfDcFa","text_cA4ptM"],"custom_css":["h2,p {color: white !important;}"],"settings":{"desktop_content_position":"center","content_alignment":"left","color_scheme":"scheme-c1a0a803-aa6f-4a14-9fab-acc72fbf2495","full_width":true,"padding_top":40,"padding_bottom":52}},"multicolumn_dedPeb":{"type":"multicolumn","blocks":{"column_wmthn7":{"type":"column","settings":{"image":"shopify:\/\/shop_images\/DP21594_Pair.jpg","title":"","text":"","link_label":"","link":""}},"column_WT4WGB":{"type":"column","settings":{"image":"shopify:\/\/shop_images\/DP21854_Pair.jpg","title":"","text":"","link_label":"","link":""}},"column_d7nL7f":{"type":"column","settings":{"image":"shopify:\/\/shop_images\/DP21210_Pair.jpg","title":"","text":"","link_label":"","link":""}}},"block_order":["column_wmthn7","column_WT4WGB","column_d7nL7f"],"settings":{"title":"","heading_size":"h1","image_width":"full","image_ratio":"adapt","columns_desktop":3,"column_alignment":"left","background_style":"none","button_label":"","button_link":"","color_scheme":"","columns_mobile":"1","swipe_on_mobile":false,"padding_top":0,"padding_bottom":0}},"rich_text_VYXP4c":{"type":"rich-text","blocks":{"heading_CHhgQq":{"type":"heading","settings":{"heading":"<strong>Why Choose EBC GreenStuff Pads?<\/strong>","heading_size":"h1"}},"text_ftcCxf":{"type":"text","settings":{"text":"<p>EBC GreenStuff brake pads are the perfect choice for street use on Sports sedans and hot hatches.<\/p><p>Made in the EBC Brakes UK’s manufacturing plant in Bristol. The GreenStuff brake pad is an eco-friendly that contains no lead, copper or toxic sulfides and comply with all environmental legislation and will still be a perfect direct replacement over your stock brake pads and will reduce your stopping distance and will improve your cars braking response.<\/p><p>✅ Enhanced brake pad for light trucks and SUVs, delivering over 10% improved braking performance.<br\/>✅ Lower dust output than stock pads for a cleaner ride.<br\/>✅ Handles repeated heavy braking without performance fade.<br\/>✅ Designed for minimal disc\/rotor wear.<br\/>✅ Ideal for highway use in light trucks, Jeeps, and SUVs.<br\/>✅ Superior brake control and pedal response, outperforming stock pads.<br\/>✅ Equipped with Nucap NRS hooks to prevent pad debonding—learn more here.<br\/>✅ Red \"Brake-In\" surface coating ensures safe, effective braking immediately after installation.<\/p>"}}},"block_order":["heading_CHhgQq","text_ftcCxf"],"custom_css":["h2,p {color: white !important;}"],"settings":{"desktop_content_position":"center","content_alignment":"left","color_scheme":"scheme-c1a0a803-aa6f-4a14-9fab-acc72fbf2495","full_width":true,"padding_top":40,"padding_bottom":52}},"multicolumn_KMUTn8":{"type":"multicolumn","blocks":{"column_yKBKyd":{"type":"column","settings":{"image":"shopify:\/\/shop_images\/green-stuff-withbox.jpg","title":"<strong>EBC Greenstuff Brake Pads<\/strong>","text":"<p>- Medium to low dust material.<\/p><p>- A 10-15% increase in brake performance.<\/p><p>- Improved resistance to heat fade at higher speeds.<\/p><p>- ECE R90 approved.<\/p><p>- Instant safe brake after install.<\/p>","link_label":"","link":""}},"column_ciX96e":{"type":"column","settings":{"image":"shopify:\/\/shop_images\/Spidergrams_November_2022_Green-stuff-1.jpg","title":"<strong>EBC Greenstuff Brake Pads<\/strong>","text":"<p>EBC Greenstuff™ has a high initial brake effect and gives drivers confidence from first application of the brake pedal. The EBC pad creates less dust and dust is more easily washed off than most.  Nominal friction coefficient 0.55. For heavier faster cars we strongly recommend Redstuff which does offer much less dust.<\/p>","link_label":"","link":""}}},"block_order":["column_yKBKyd","column_ciX96e"],"settings":{"title":"","heading_size":"h1","image_width":"full","image_ratio":"adapt","columns_desktop":2,"column_alignment":"left","background_style":"none","button_label":"","button_link":"","color_scheme":"","columns_mobile":"1","swipe_on_mobile":false,"padding_top":36,"padding_bottom":36}},"rich_text_yifHVE":{"type":"rich-text","blocks":{"heading_PUncRV":{"type":"heading","settings":{"heading":"EBC Greenstuff™ Elite Brake Pads","heading_size":"h1"}},"text_q7VDt8":{"type":"text","settings":{"text":"<p>EBC’s DP6000 Elite Series Green Pads are the ultimate upgrade for SUVs, light trucks, and Jeep® applications. Designed to surpass stock pads, they deliver enhanced grip, quieter operation, smoother braking, and extended durability. Proudly awarded the prestigious “Leaf Mark” and highest N rating, these pads are recognized for their exceptional environmental safety.<\/p><p>Upgrade to a premium braking experience with DP6000 Elite Series Green Pads!<\/p>"}}},"block_order":["heading_PUncRV","text_q7VDt8"],"custom_css":["h2,p {color: white !important;}"],"settings":{"desktop_content_position":"center","content_alignment":"left","color_scheme":"scheme-c1a0a803-aa6f-4a14-9fab-acc72fbf2495","full_width":true,"padding_top":40,"padding_bottom":52}},"rich_text_ey9RHb":{"type":"rich-text","blocks":{"heading_JfUcjP":{"type":"heading","settings":{"heading":"Greenstuff™ – 6000 Elite Series – 4×4 (SUV and Light Truck) Brake Pad","heading_size":"h2"}},"text_kHRhtD":{"type":"text","settings":{"text":"<p>- Upgrade pad for Light Truck and SUV improves brake effect 10+ %.<\/p><p>- Medium dusting factor makes these cleaner pads than stock.<\/p><p>- Capable of repeated heavy brake use without brake “Fall-Off”.<\/p><p>- Very minimal disc\/rotor damage characteristics.<\/p><p>- Suitable for all light trucks, Jeeps, and SUVs for highway use.<\/p><p>- Superb brake control and pedal response full grade are better than stock.<\/p><p>- Made with Nucap NRS hooks on back plates to totally eliminate the chance of pad debond, see more details <a href=\"https:\/\/ebcbrakes.com\/race-motorsport-articles\/ebc-brakes-and-the-revolutionary-nrs-backplate-system\/\">here<\/a><\/p><p>- Features red “brake in’ surface coating for instant safe braking after install.<\/p>"}},"text_RA6cQp":{"type":"text","settings":{"text":"<p>An excellent solution for 4×4 use, this heavy-duty Greenstuff™ Elite has the benefit of longer life and better resistance to off-road conditions of dust and sand etc. It has an extremely low rotor wear factor and a medium-to-good lifetime. <\/p>"}},"button_hYzziW":{"type":"button","settings":{"button_label":"Shop Now","button_link":"shopify:\/\/pages\/vehicle-finder","button_style_secondary":false,"button_label_2":"","button_link_2":"","button_style_secondary_2":false}}},"block_order":["heading_JfUcjP","text_kHRhtD","text_RA6cQp","button_hYzziW"],"custom_css":["h2,p {color: white !important;}"],"settings":{"desktop_content_position":"center","content_alignment":"left","color_scheme":"scheme-5","full_width":true,"padding_top":40,"padding_bottom":52}},"rich_text_BHwifT":{"type":"rich-text","blocks":{"heading_cR8dWe":{"type":"heading","settings":{"heading":"The number one selling EBC Sport Pad","heading_size":"h1"}}},"block_order":["heading_cR8dWe"],"custom_css":["h2,p {color: white !important;}"],"settings":{"desktop_content_position":"center","content_alignment":"center","color_scheme":"scheme-c1a0a803-aa6f-4a14-9fab-acc72fbf2495","full_width":true,"padding_top":40,"padding_bottom":52}},"filter_widget_PBeRRc":{"type":"filter-widget","settings":{"image_link":""}},"featured_collection_LXEMn3":{"type":"featured-collection","settings":{"title":"","heading_size":"h1","description":"","show_description":false,"description_style":"body","collection":"ebc-greenstuff-brake-pads","products_to_show":4,"columns_desktop":4,"full_width":false,"show_view_all":true,"view_all_style":"solid","enable_desktop_slider":false,"color_scheme":"","image_ratio":"adapt","image_shape":"default","show_secondary_image":false,"show_vendor":false,"show_rating":false,"quick_add":"none","columns_mobile":"2","swipe_on_mobile":false,"padding_top":36,"padding_bottom":36}}},"order":["main","filter_widget_ywYdCN","rich_text_GLfCKg","multicolumn_dedPeb","rich_text_VYXP4c","multicolumn_KMUTn8","rich_text_yifHVE","rich_text_ey9RHb","rich_text_BHwifT","filter_widget_PBeRRc","featured_collection_LXEMn3"]}