{"sections":{"main":{"type":"ebc-search","settings":{"padding_top":0,"padding_bottom":28,"sidebar_image_1":"shopify:\/\/shop_images\/Square.jpg","sidebar_image_1_link":"shopify:\/\/pages\/ebc-stainless-steel-braided-brake-lines","sidebar_image_2":"shopify:\/\/shop_images\/Square_d40735ea-2266-4b97-87f1-021f1c510c58.jpg","sidebar_image_2_link":"shopify:\/\/pages\/ebc-brake-fluids"}},"image_banner_P3DjBX":{"type":"image-banner","custom_css":[".banner {max-width: 1500px; margin: 0 auto;}",".banner__content {background: none; box-shadow: none;}"],"settings":{"image":"shopify:\/\/shop_images\/PDK_Kits_-_Banner.jpg","image_overlay_opacity":0,"image_height":"adapt","desktop_content_position":"middle-center","show_text_box":false,"desktop_content_alignment":"center","color_scheme":"","image_behavior":"none","mobile_content_alignment":"center","stack_images_on_mobile":true,"show_text_below":true}}},"order":["main","image_banner_P3DjBX"]}