{"sections":{"main":{"type":"main-page","disabled":true,"settings":{"padding_top":28,"padding_bottom":28}},"image_banner_KGHgxA":{"type":"image-banner","blocks":{"heading_cFNFGp":{"type":"heading","settings":{"heading":"EBC Big Brake Kits","heading_size":"h2"}}},"block_order":["heading_cFNFGp"],"custom_css":["h2,p {color: white;}",".banner {max-width: 1500px; margin: 0 auto;}"],"settings":{"image":"shopify:\/\/shop_images\/I30N_Track.png","image_overlay_opacity":50,"image_height":"small","desktop_content_position":"middle-center","show_text_box":false,"desktop_content_alignment":"center","color_scheme":"scheme-4","image_behavior":"none","mobile_content_alignment":"center","stack_images_on_mobile":true,"show_text_below":false}},"multicolumn_Grxdkq":{"type":"multicolumn","blocks":{"column_x4mHNn":{"type":"column","settings":{"title":"<strong>I-20 N<\/strong>","text":"<p>2021-2023<\/p>","link_label":"","link":"shopify:\/\/products\/ebc-apollo-balanced-big-brake-kit-330mm-bbk051-front"}},"column_TjHbHN":{"type":"column","settings":{"title":"<strong>I-30 N<\/strong>","text":"<p>2017-2021<\/p>","link_label":"","link":"shopify:\/\/products\/ebc-apollo-balanced-big-brake-kit-355mm-black-caliper-bbk015blk-1"}},"column_8AxFYN":{"type":"column","settings":{"title":"<strong>Kona N<\/strong>","text":"<p>2021-2023<\/p>","link_label":"","link":"shopify:\/\/products\/ebc-apollo-balanced-big-brake-kit-355mm-black-caliper-bbk015blk-1"}}},"block_order":["column_x4mHNn","column_TjHbHN","column_8AxFYN"],"settings":{"title":"Hyundai","heading_size":"h2","image_width":"full","image_ratio":"adapt","columns_desktop":3,"column_alignment":"center","background_style":"primary","button_label":"","button_link":"","color_scheme":"scheme-1","columns_mobile":"1","swipe_on_mobile":false,"padding_top":0,"padding_bottom":44}},"rich_text_dErHxh":{"type":"rich-text","blocks":{"heading_zw66gD":{"type":"heading","settings":{"heading":"EBC Big Brake Kits","heading_size":"h1"}},"text_UYcANB":{"type":"text","settings":{"text":"<p>EBC Brakes’ Big Brake Kits, designed and made in the UK, deliver the ultimate upgrade in braking performance. Engineered for excellence, these kits offer substantial reductions in stopping distances, making them a top choice for both road and track applications.<\/p>"}}},"block_order":["heading_zw66gD","text_UYcANB"],"custom_css":["h2,p {color: white;}",".rich-text {max-width: 1500px; margin: 0 auto;}"],"settings":{"desktop_content_position":"left","content_alignment":"left","color_scheme":"scheme-3","full_width":true,"padding_top":40,"padding_bottom":52}},"image_with_text_4yfiTe":{"type":"image-with-text","blocks":{"heading_dG6KLM":{"type":"heading","settings":{"heading":"Engineered from the ground up for exceptional performance.","heading_size":"h2"}},"caption_UEJjFz":{"type":"caption","settings":{"caption":"One giant leap for performance braking","text_style":"subtitle","text_size":"medium"}},"text_dPPV46":{"type":"text","settings":{"text":"<p>Every component of the Balanced Big Brake Kit is meticulously engineered for top-tier performance, right down to the smallest detail, such as the bleed nipple. All brake caliper metal fittings and disc drive bobbins are crafted from stainless steel to ensure exceptional durability and resistance to corrosion.<\/p><p>brake disc bells and caliper brackets are precision-machined from aerospace-grade billet aluminum, offering superior strength and longevity. Completing the package, each kit comes equipped with EBC’s premium Yellowstuff™ brake pads, designed for both fast street and track use.<\/p>","text_style":"body"}}},"block_order":["heading_dG6KLM","caption_UEJjFz","text_dPPV46"],"custom_css":[".h2 {font-size: 2rem; line-height: 1.2;}"],"settings":{"image":"shopify:\/\/shop_images\/bbk10.jpg","height":"adapt","desktop_image_width":"small","layout":"image_first","desktop_content_position":"top","desktop_content_alignment":"left","content_layout":"no-overlap","section_color_scheme":"","color_scheme":"","image_behavior":"none","mobile_content_alignment":"left","padding_top":0,"padding_bottom":0}},"image_with_text_8AkqxG":{"type":"image-with-text","blocks":{"heading_zVcLy8":{"type":"heading","settings":{"heading":"Engineered, manufactured & assembled in the UK","heading_size":"h2"}},"text_idJgBa":{"type":"text","settings":{"text":"<p>As a retailer, we proudly support EBC’s commitment to producing high-quality, British-made products. The Apollo Series brake calipers are a testament to this dedication, being cast, machined, painted, and assembled entirely in the UK. This reflects EBC’s unwavering philosophy of delivering top-tier British-engineered braking solutions at accessible prices.<\/p><p>In a market where many calipers are imported from the Far East, EBC stands out as a true advocate of Great British engineering. Their devotion to quality and craftsmanship is unmatched, and we share their pride in supporting homegrown innovation.<\/p>","text_style":"body"}}},"block_order":["heading_zVcLy8","text_idJgBa"],"custom_css":[".h2 {font-size: 2rem; line-height: 1.2;}"],"settings":{"image":"shopify:\/\/shop_images\/bbk17.jpg","height":"adapt","desktop_image_width":"small","layout":"text_first","desktop_content_position":"top","desktop_content_alignment":"left","content_layout":"no-overlap","section_color_scheme":"","color_scheme":"","image_behavior":"none","mobile_content_alignment":"left","padding_top":0,"padding_bottom":0}},"rich_text_a8dMAm":{"type":"rich-text","blocks":{"heading_UCKxCJ":{"type":"heading","settings":{"heading":"What's included?","heading_size":"h1"}},"text_EPiYJp":{"type":"text","settings":{"text":"<p>Every kit is supplied with all the hardware you need to completely replace all equivalent components of your vehicles stock braking system.<\/p><p>- Apollo Calipers (A pair of)<\/p><p>- Floating Brake Rotors (A pair of)<\/p><p>- Yellowstuff Performance Brake Pads (A Set of)<\/p><p>- Super Dot 4 Brake Fluid<\/p><p>- Hardware<\/p><p><\/p>"}}},"block_order":["heading_UCKxCJ","text_EPiYJp"],"custom_css":["h2,p {color: white;}",".rich-text {max-width: 1500px; margin: 0 auto;}"],"settings":{"desktop_content_position":"left","content_alignment":"left","color_scheme":"scheme-d3c5c3ce-7683-4f26-a794-c986368fda92","full_width":true,"padding_top":40,"padding_bottom":52}},"rich_text_w7UWPz":{"type":"rich-text","blocks":{"heading_fqNzan":{"type":"heading","settings":{"heading":"Apollo Brake Calipers","heading_size":"h2"}},"text_zjz4Be":{"type":"text","settings":{"text":"<p>- Available in 4 striking colours<\/p><p>- 4 & 6 Piston options depending on application<\/p>"}}},"block_order":["heading_fqNzan","text_zjz4Be"],"custom_css":["h2,p {color: white;}",".rich-text {max-width: 1500px; margin: 0 auto;}"],"settings":{"desktop_content_position":"left","content_alignment":"left","color_scheme":"scheme-d3c5c3ce-7683-4f26-a794-c986368fda92","full_width":true,"padding_top":24,"padding_bottom":24}},"multicolumn_HbHgiM":{"type":"multicolumn","blocks":{"column_UTr669":{"type":"column","settings":{"image":"shopify:\/\/shop_images\/BC4100BLK-angled.jpg","title":"<strong>Stealth Black<\/strong>","text":"","link_label":"","link":""}},"column_mrcKGL":{"type":"column","settings":{"image":"shopify:\/\/shop_images\/BC4100BLU-angled.jpg","title":"<strong>Storm Shadow Blue<\/strong>","text":"","link_label":"","link":""}},"column_n9cFwW":{"type":"column","settings":{"image":"shopify:\/\/shop_images\/BC4100YEL-angled.jpg","title":"<strong>Luminous Yellow<\/strong>","text":"","link_label":"","link":""}},"column_QrhKQy":{"type":"column","settings":{"image":"shopify:\/\/shop_images\/BC4100RED-angled.jpg","title":"<strong>Racing Red<\/strong>","text":"","link_label":"","link":""}}},"block_order":["column_UTr669","column_mrcKGL","column_n9cFwW","column_QrhKQy"],"settings":{"title":"","heading_size":"h2","image_width":"full","image_ratio":"adapt","columns_desktop":4,"column_alignment":"center","background_style":"none","button_label":"","button_link":"","color_scheme":"","columns_mobile":"1","swipe_on_mobile":false,"padding_top":0,"padding_bottom":0}},"rich_text_7VjFqQ":{"type":"rich-text","blocks":{"text_wVmAgJ":{"type":"text","settings":{"text":"<p>Apollo brake calipers feature a robust 2-piece bolted design reinforced with high-tensile 12.9-grade steel bolts in the caliper bridge section. Advanced FEA (Finite Element Analysis) reveals that these bolts significantly enhance caliper stiffness compared to mono-block designs. A stiffer bridge reduces elongation during braking, resulting in a firmer, more responsive pedal feel, even after extended periods of intense braking. This is particularly beneficial as mono-block aluminum bridges tend to soften under high temperatures.<\/p>"}},"text_E3FGPc":{"type":"text","settings":{"text":"<p>Unlike most cast calipers that rely on gravity casting, Apollo Series caliper bodies are machined from heat-treated, low-pressure castings. This premium manufacturing process forces the aluminum alloy into molds under pressure, yielding greater consistency and superior strength. This method gives Apollo calipers a clear performance advantage, offering strength and stiffness comparable to forged designs while exceeding the quality of gravity-cast alternatives.<\/p>"}},"text_UEtCxf":{"type":"text","settings":{"text":"<p>To ensure durability and aesthetic longevity, Apollo brake calipers are coated using an advanced high-temperature Teflon™ polyester process rather than traditional powder coating. While powder coatings often crack and fade with heat exposure, EBC’s specialized finish delivers a tough, fade-resistant layer that’s easy to clean and keeps the calipers looking great for years. This innovative coating system, similar to what’s used in premium cookware, ensures that Apollo calipers are as visually enduring as they are mechanically superior.<\/p>"}}},"block_order":["text_wVmAgJ","text_E3FGPc","text_UEtCxf"],"custom_css":["h2,p {color: white;}",".rich-text {max-width: 1500px; margin: 0 auto;}"],"settings":{"desktop_content_position":"left","content_alignment":"left","color_scheme":"scheme-f3a069ef-cb64-4923-a5cb-6a2239ba5446","full_width":true,"padding_top":24,"padding_bottom":24}},"rich_text_7YY3Rc":{"type":"rich-text","blocks":{"heading_mdCjYb":{"type":"heading","settings":{"heading":"Floating Brake Rotors","heading_size":"h2"}},"text_kpiXP7":{"type":"text","settings":{"text":"<p>- Two-Piece fully floating discs.<\/p><p>- Race-derived G3500-grade high-carbon cast iron friction rings.<\/p><p>- Aluminium bells machined from aerospace-grade aluminium.<\/p><p>- Curved vanes for improved ability to dissipate heat.<\/p><p>- Bobbins are machined from stainless steel which cannot rust.<\/p>"}}},"block_order":["heading_mdCjYb","text_kpiXP7"],"custom_css":["h2,p {color: white;}",".rich-text {max-width: 1500px; margin: 0 auto;}"],"settings":{"desktop_content_position":"left","content_alignment":"left","color_scheme":"scheme-d3c5c3ce-7683-4f26-a794-c986368fda92","full_width":true,"padding_top":40,"padding_bottom":52}},"multicolumn_LKxWmX":{"type":"multicolumn","blocks":{"column_jFBYqF":{"type":"column","settings":{"image":"shopify:\/\/shop_images\/SG2F001_SingleDiscFront.jpg","title":"","text":"<p>Fully floating 2-piece rotor that allows outer ring to expand freely in response to heat. This reduces stress which in turn extends rotor life and reduces the tendency for rotor cracking during extreme use.<\/p>","link_label":"","link":""}},"column_w6C37G":{"type":"column","settings":{"image":"shopify:\/\/shop_images\/SG2F001_SingleDiscElevated.jpg","title":"","text":"<p>Drive bobbins machined from a single piece of stainless steel giving maximum strength and corrosion resistance. Stainless bobbins reduce the requirement for regular disc maintenance and ensures the outer ring continues to float freely even when used on the public road with corrosive salts and other road grime.<\/p>","link_label":"","link":""}},"column_MmMPbD":{"type":"column","settings":{"image":"shopify:\/\/shop_images\/SG2F001_SingleDiscRear.jpg","title":"","text":"<p>Each bobbin assembly features an anti-rattle spring clip ensuring silent operation when driving on the public highway. Rotor rings feature 48 directional internal curved vanes for improved rotor cooling.<\/p>","link_label":"","link":""}}},"block_order":["column_jFBYqF","column_w6C37G","column_MmMPbD"],"settings":{"title":"","heading_size":"h1","image_width":"full","image_ratio":"adapt","columns_desktop":3,"column_alignment":"left","background_style":"none","button_label":"","button_link":"","color_scheme":"scheme-1","columns_mobile":"1","swipe_on_mobile":false,"padding_top":0,"padding_bottom":36}},"image_banner_MhGGCh":{"type":"image-banner","blocks":{"heading_cryLMz":{"type":"heading","settings":{"heading":"EBC’s 2-piece rotors have undergone rigorous quality testing in line with the newly established R90 brake rotor testing standards.","heading_size":"h2"}},"text_UrFzPm":{"type":"text","settings":{"text":"This test is one of the most demanding and rigorous assessments for brake rotors globally, specifically designed to push rotors to the point of failure. EBC’s disc passed effortlessly, completing all 150 test cycles without even showing minor surface crazing. This remarkable performance highlights the exceptional quality and durability of EBC’s UK-made 2-piece rotors.","text_style":"body"}}},"block_order":["heading_cryLMz","text_UrFzPm"],"custom_css":["h2,p {color: white;}",".banner {max-width: 1500px; margin: 0 auto;}"],"settings":{"image":"shopify:\/\/shop_images\/bbk7.jpg","image_overlay_opacity":50,"image_height":"small","desktop_content_position":"middle-center","show_text_box":false,"desktop_content_alignment":"center","color_scheme":"","image_behavior":"none","mobile_content_alignment":"center","stack_images_on_mobile":true,"show_text_below":false}},"rich_text_wLfFQ6":{"type":"rich-text","blocks":{"heading_zUcJFm":{"type":"heading","settings":{"heading":"Yellowstuff Performance Brake Pads","heading_size":"h2"}},"text_p6ALk3":{"type":"text","settings":{"text":"<p>- EBC world famous fast road & track material<\/p><p>- Stainless steel backing plate.<\/p><p>- R90 approved.<\/p><p>- Extremely low metal content.<\/p>"}}},"block_order":["heading_zUcJFm","text_p6ALk3"],"custom_css":["h2,p {color: white;}",".rich-text {max-width: 1500px; margin: 0 auto;}"],"settings":{"desktop_content_position":"left","content_alignment":"left","color_scheme":"scheme-d3c5c3ce-7683-4f26-a794-c986368fda92","full_width":true,"padding_top":24,"padding_bottom":24}},"image_with_text_8imYzU":{"type":"image-with-text","blocks":{"text_JAhEke":{"type":"text","settings":{"text":"<p>The compound has an exceptionally low metal content, making these pads gentle on discs. Any brake dust can be easily wiped off painted wheels and calipers with a damp cloth. Yellowstuff™ pads won’t wear down rotors like many other performance pads, with some users reporting a wear ratio of one set of pads to one set of discs! While not a legal requirement for brake caliper conversions, Yellowstuff™ material is ECE R90 approved, ensuring these pads perform safely in all climates, at any vehicle speed, and under all weather conditions.<\/p>","text_style":"body"}}},"block_order":["text_JAhEke"],"settings":{"image":"shopify:\/\/shop_images\/DP41210R_Pair.jpg","height":"small","desktop_image_width":"medium","layout":"text_first","desktop_content_position":"top","desktop_content_alignment":"left","content_layout":"no-overlap","section_color_scheme":"scheme-1","color_scheme":"scheme-2c1df615-4845-479e-9cc0-5179e148bb63","image_behavior":"none","mobile_content_alignment":"left","padding_top":36,"padding_bottom":36}},"rich_text_4XiE9R":{"type":"rich-text","blocks":{"heading_riReQq":{"type":"heading","settings":{"heading":"Super Dot 4 Brake Fluid","heading_size":"h2"}},"text_7QVimg":{"type":"text","settings":{"text":"<p>- BF307+ EBC's Super Dot 4 Brake Fluid<\/p><p>- 307 degrees C boiling point<\/p><p>- Allowing you to push harder for longer.<\/p>"}}},"block_order":["heading_riReQq","text_7QVimg"],"custom_css":["h2,p {color: white;}",".rich-text {max-width: 1500px; margin: 0 auto;}"],"settings":{"desktop_content_position":"left","content_alignment":"left","color_scheme":"scheme-d3c5c3ce-7683-4f26-a794-c986368fda92","full_width":false,"padding_top":24,"padding_bottom":24}},"image_with_text_PYtHcN":{"type":"image-with-text","blocks":{"text_EFtPyW":{"type":"text","settings":{"text":"<p>Each kit comes with 1 liter of BF307+ Super DOT 4 brake fluid, which boasts an impressive boiling point of 307°C—much higher than standard DOT 5.1 fluid. This elevated boiling point provides exceptional endurance for your braking system, allowing you to push your vehicle hard for longer periods without the risk of heat soak causing the fluid to boil and resulting in brake fade.<\/p><p>This DOT 4 fluid is compatible with all vehicles that use DOT 3, DOT 4, and DOT 5.1 fluids, including those equipped with ABS systems.<\/p>","text_style":"body"}}},"block_order":["text_EFtPyW"],"settings":{"image":"shopify:\/\/shop_images\/BF_307_1ltr.jpg","height":"small","desktop_image_width":"small","layout":"image_first","desktop_content_position":"top","desktop_content_alignment":"left","content_layout":"no-overlap","section_color_scheme":"","color_scheme":"","image_behavior":"none","mobile_content_alignment":"left","padding_top":0,"padding_bottom":0}},"contact_form_L6UJYb":{"type":"contact-form","custom_css":[],"settings":{"heading":"Want to know more? Speak to us.","heading_size":"h2","color_scheme":"scheme-1","padding_top":36,"padding_bottom":36}}},"order":["main","image_banner_KGHgxA","multicolumn_Grxdkq","rich_text_dErHxh","image_with_text_4yfiTe","image_with_text_8AkqxG","rich_text_a8dMAm","rich_text_w7UWPz","multicolumn_HbHgiM","rich_text_7VjFqQ","rich_text_7YY3Rc","multicolumn_LKxWmX","image_banner_MhGGCh","rich_text_wLfFQ6","image_with_text_8imYzU","rich_text_4XiE9R","image_with_text_PYtHcN","contact_form_L6UJYb"]}