{"sections":{"main":{"type":"main-page","disabled":true,"settings":{"padding_top":28,"padding_bottom":28}},"rich_text_t9zppH":{"type":"rich-text","blocks":{"heading_36LzyK":{"type":"heading","settings":{"heading":"EBC Orangestuff Brake Pads","heading_size":"h1"}},"text_68D8ef":{"type":"text","settings":{"text":"<p>The new EBC Orangestuff Pad is a brand new race pad and is specially designed for track only use. The deep 'V' grooves in the pad are used to catch dirt, debris and dust as well as aiding with venting.<\/p>"}}},"block_order":["heading_36LzyK","text_68D8ef"],"custom_css":["h2,p {color: white;}"],"settings":{"desktop_content_position":"center","content_alignment":"center","color_scheme":"scheme-33f2d901-ce96-40cc-8830-e2d412b0f4d9","full_width":true,"padding_top":40,"padding_bottom":52}},"image_and_rich_text_qL6rNc":{"type":"image-and-rich-text","settings":{"main_heading":"Add Heading","content":"<p>Add Content Here<\/p>","button_text":"Button","button_url":"","reverse":false}}},"order":["main","rich_text_t9zppH","image_and_rich_text_qL6rNc"]}