{"sections":{"rich_text_fFJPKQ":{"type":"rich-text","blocks":{"heading_biwK98":{"type":"heading","settings":{"heading":"Aftermarket Calipers?","heading_size":"h2"}},"text_HYNhiL":{"type":"text","settings":{"text":"<p>Are you running an aftermarket caliper but want to run EBC? Then no problem use the table and search below to find the right pad for you!<\/p>"}}},"block_order":["heading_biwK98","text_HYNhiL"],"settings":{"desktop_content_position":"center","content_alignment":"center","color_scheme":"scheme-2","full_width":true,"padding_top":20,"padding_bottom":20}},"main":{"type":"brake-pad-table","settings":{}},"contact_form_QFLgY3":{"type":"contact-form","settings":{"heading":"Still can't find the right pad? Contact us.","heading_size":"h2","color_scheme":"scheme-2","padding_top":36,"padding_bottom":36}}},"order":["rich_text_fFJPKQ","main","contact_form_QFLgY3"]}