{"sections":{"main":{"type":"main-page","disabled":true,"settings":{"padding_top":28,"padding_bottom":28}},"rich_text_c9xfKF":{"type":"rich-text","blocks":{"heading_NPViWa":{"type":"heading","settings":{"heading":"EBC Pad & Disc Kits","heading_size":"h2"}}},"block_order":["heading_NPViWa"],"custom_css":["h2,p {color: white;}"],"settings":{"desktop_content_position":"center","content_alignment":"center","color_scheme":"scheme-3","full_width":true,"padding_top":20,"padding_bottom":20}},"image_with_text_yQnY8b":{"type":"image-with-text","blocks":{"heading_PEyP8m":{"type":"heading","settings":{"heading":"EBC Pad and Disc Kits","heading_size":"h2"}},"text_BLAUE6":{"type":"text","settings":{"text":"<p>The EBC Pad & Disc Kit (PDK) is the perfect choice for upgrading your vehicle's brakes and are completely matched for any on-the-road need. We highly recommend that when brake discs are changed, the pads are too – This will prevent premature wear of both the discs & pads.<\/p><p>All EBC Pad & Disc Kits are matched together by need, whether it's Ultimax Pads & Precision Rotors for day-to-day use or Yellowstuff Pads & Turbo Grooved Discs for fast road & trackday applications.<\/p>","text_style":"body"}},"button_Gqe7qC":{"type":"button","settings":{"button_label":"Shop Now","button_link":"shopify:\/\/pages\/vehicle-finder","button_style_secondary":false}}},"block_order":["heading_PEyP8m","text_BLAUE6","button_Gqe7qC"],"settings":{"image":"shopify:\/\/shop_images\/PD013K_764f027d-633d-45fe-b105-1f2ba3b31774.jpg","height":"adapt","desktop_image_width":"medium","layout":"image_first","desktop_content_position":"top","desktop_content_alignment":"left","content_layout":"no-overlap","section_color_scheme":"","color_scheme":"","image_behavior":"none","mobile_content_alignment":"left","padding_top":0,"padding_bottom":0}},"rich_text_aWMWHQ":{"type":"rich-text","blocks":{"heading_dMheaa":{"type":"heading","settings":{"heading":"Why Choose EBC Pad & Disc Kits?","heading_size":"h1"}},"text_ARUGfA":{"type":"text","settings":{"text":"<h2>Why Choose EBC Pad & Disc Kits?<\/h2><p><strong>Complete Axle Sets:<\/strong> EBC kits are thoughtfully designed to cover your entire axle – front, rear, or even the entire vehicle. Say goodbye to the hassle of searching for individual components; we've got you covered.<\/p><p><strong>Exceptional Value:<\/strong> Save up to 15% compared to buying brake pads and discs separately. With the EBC Pad & Disc Kit, you're not only upgrading your brakes but also your savings.<\/p><p><strong>Enhanced Performance:<\/strong> When it's time to replace your brake discs, it's a smart move to replace your brake pads simultaneously. This ensures an optimal bedding-in process, leading to superior braking performance and longevity.<\/p><p><strong>Tailored Options:<\/strong> With a diverse range of 22 options, you can find the perfect combination for your driving needs. From everyday replacements to high-performance upgrades, we have options like the Yellowstuff pads and Turbogroove discs for optimal road performance, or the Redstuff pads and plain discs for reduced brake dust.<\/p><p><\/p><p>Upgrade your driving experience today with the EBC Pad & Disc Kit. Embrace safety, performance, and value like never before. Don't settle for less – choose EBC and elevate your braking game. Browse the EBC range and take the first step towards a safer and exhilarating journey on the road.<\/p>"}},"text_6eAJUk":{"type":"text","settings":{"text":"<p><strong>Superb price point and great quality.<\/strong><\/p><p>Don’t judge the product by the price, these quality brake pads will stop your vehicle as good as any original equipment brake pads and faster than most replacement aftermarket pads.<\/p><p><\/p><p><strong>Vehicle finder<\/strong><\/p><p>Use the Vehicle finder below to find your Bluestuff brake pads.<\/p><p>Be sure to look out for the Ultimax pad and disc kits and save even more money by including the discs.<\/p><p><strong>Can’t find what you’re looking for?<\/strong><\/p><p>The team here at EBC Brake Shop are always ready to help, if there is something you are unsure of or would like to know, then please get in contact.<\/p>"}}},"block_order":["heading_dMheaa","text_ARUGfA","text_6eAJUk"],"settings":{"desktop_content_position":"center","content_alignment":"left","color_scheme":"","full_width":true,"padding_top":40,"padding_bottom":52}},"rich_text_39ndKU":{"type":"rich-text","blocks":{"heading_iTBY3y":{"type":"heading","settings":{"heading":"Which Pads Are Available In Pad & Disc Kits?","heading_size":"h1"}},"text_HB3Uy8":{"type":"text","settings":{"text":"<p><strong>Ultimax Brake Pads:<\/strong><\/p><p>Experience reliability like never before with our Ultimax Brake Pads. Ideal for daily drivers, these pads offer a balanced blend of consistent braking performance, reduced noise, and extended pad life. Navigate urban streets with confidence, knowing that your braking power is optimised for everyday situations.<\/p><p><strong>Greenstuff Brake Pads:<\/strong><\/p><p>Enter the realm of eco-friendly performance with our Greenstuff Brake Pads. Designed for a lighter environmental footprint, these pads offer smooth and quiet braking without compromising on stopping efficiency. Enjoy a harmonious blend of performance and responsible driving.<\/p><p><strong>Redstuff Brake Pads:<\/strong><\/p><p>For those who demand enhanced stopping power, the Redstuff Brake Pads are the perfect choice. Engineered for performance, these pads deliver impressive bite, shorter stopping distances, and reduced brake dust. Whether you're tackling spirited drives or seeking improved safety, Redstuff has your back.<\/p><p><strong>Yellowstuff Brake Pads:<\/strong><\/p><p>Unleash the beast within with Yellowstuff Brake Pads – the choice of enthusiasts. Engineered for high-performance driving, these pads provide exceptional stopping power, even in challenging conditions. If you seek track-ready performance without sacrificing street comfort, look no further.<\/p><p><strong>Bluestuff Brake Pads:<\/strong><\/p><p>Elevate your braking game to the next level with Bluestuff Brake Pads. Engineered for heavy-duty applications, these pads excel in performance and heat management. If you're towing, hauling, or driving a high-powered vehicle, Bluestuff is your dependable companion.<\/p><p><strong>RP-1™ Brake Pads:<\/strong><\/p><p>Introducing the revolutionary RP-1™ Brake Pads, designed for motorsport and heavy-duty applications. With exceptional thermal stability and fade resistance, these pads are engineered to excel on the track and demanding terrains.<\/p><p><strong>SUV\/4x4 Brake Pads:<\/strong><\/p><p>Tackle the challenges of off-road and SUV driving with our specialised brake pads. Engineered to handle heavier vehicles and diverse terrains, these pads ensure safety, performance, and reliability when you need it most.<\/p><p>EBC Automotive Brake Pads are more than just components – they are precision-engineered solutions for a wide range of driving demands. Whether you prioritise comfort, performance, eco-friendliness, or heavy-duty tasks, our brake pad options have been meticulously crafted to exceed your expectations<\/p>"}}},"block_order":["heading_iTBY3y","text_HB3Uy8"],"settings":{"desktop_content_position":"center","content_alignment":"left","color_scheme":"","full_width":true,"padding_top":40,"padding_bottom":52}},"rich_text_PPgK7C":{"type":"rich-text","blocks":{"heading_iXbypr":{"type":"heading","settings":{"heading":"Which Discs Are Available In Pad & Disc Kits?","heading_size":"h1"}},"text_WqF8ii":{"type":"text","settings":{"text":"<p><strong>Plain Discs:<\/strong><\/p><p>Fantastic value and OE quality, a great replacement option.<\/p><p><strong>Ultimax Discs:<\/strong><\/p><p>Unleash aggressive looks and performance with the USR Series – perfect for street and light track use.<\/p><p><strong>GD Sport Discs:<\/strong><\/p><p>Elevate your vehicle's performance with these sport rotors, featuring precision-drilled holes for enhanced cooling and performance.<\/p><p><strong>BSD Discs:<\/strong><\/p><p>The Blade Sport Discs offer advanced cooling and reduced weight for improved overall braking efficiency.<\/p><p><strong>And More:<\/strong><\/p><p>Explore our full range to find the perfect match for your driving style and needs.<\/p>"}}},"block_order":["heading_iXbypr","text_WqF8ii"],"settings":{"desktop_content_position":"center","content_alignment":"left","color_scheme":"","full_width":true,"padding_top":40,"padding_bottom":52}},"rich_text_ggxDb7":{"type":"rich-text","blocks":{"text_HRK4be":{"type":"text","settings":{"text":"<p>At EBC Brake Shop we always provide FULL axle sets (driver & passenger side) when retailing brake pads and will never provide single sides. If you would like to view the EBC Redstuff range for your vehicle, simply use the dropdown menu at the top of this page or select your manufacturer below.<\/p>"}}},"block_order":["text_HRK4be"],"custom_css":["h2,p {color: white;}"],"settings":{"desktop_content_position":"center","content_alignment":"left","color_scheme":"scheme-5","full_width":true,"padding_top":40,"padding_bottom":52}},"filter_widget_ek3iQk":{"type":"filter-widget","settings":{}},"featured_collection_qnNyAK":{"type":"featured-collection","settings":{"title":"","heading_size":"h1","description":"","show_description":false,"description_style":"body","collection":"ebc-pad-and-disc-kit","products_to_show":4,"columns_desktop":4,"full_width":false,"show_view_all":true,"view_all_style":"solid","enable_desktop_slider":false,"color_scheme":"","image_ratio":"adapt","image_shape":"default","show_secondary_image":false,"show_vendor":false,"show_rating":false,"quick_add":"none","columns_mobile":"2","swipe_on_mobile":false,"padding_top":36,"padding_bottom":36}}},"order":["main","rich_text_c9xfKF","image_with_text_yQnY8b","rich_text_aWMWHQ","rich_text_39ndKU","rich_text_PPgK7C","rich_text_ggxDb7","filter_widget_ek3iQk","featured_collection_qnNyAK"]}