{"sections":{"main":{"type":"main-page","disabled":true,"settings":{"padding_top":28,"padding_bottom":28}},"rich_text_biyBEx":{"type":"rich-text","blocks":{"heading_rPDkNC":{"type":"heading","settings":{"heading":"Brake Squeal","heading_size":"h2"}}},"block_order":["heading_rPDkNC"],"custom_css":["h2,p {color: white;}",".rich-text {max-width: 1500px; margin: 0 auto;}"],"settings":{"desktop_content_position":"center","content_alignment":"center","color_scheme":"scheme-f3a069ef-cb64-4923-a5cb-6a2239ba5446","full_width":true,"padding_top":40,"padding_bottom":52}},"image_with_text_WNBaVg":{"type":"image-with-text","blocks":{"text_KcAFRy":{"type":"text","settings":{"text":"<p>Firsts of all brake squeal can happen with ANY brake pad, pad type, brand and on almost any vehicle.Facts are<\/p><ol><li>Brake squeal always happens within the first 200-500 miles and usually goes away after that<\/li><li>It depends massively upon brake disc\/rotor condition. A used rotor with a lip at the edge or an uneven surface can mean double the time for any noise to stop.<\/li><li>On automotive cast iron rotors with an uneven condition the ideal fix is to have them machined on a Pro Cut lathe. A used rotor that is skimmed on the Pro Cut lathe is actually better than a new rotor provided the thickness minimums are respected. The cast rotor matrix settles after use.<\/li><li>There are different types of Squeal ranging from “Creep Graunch “ which is a small noise as you release the brake from a standstill, usually worse in reverse and is hard to rectify up to brake squeal referred to under point 1)<\/li><\/ol>","text_style":"body"}}},"block_order":["text_KcAFRy"],"settings":{"image":"shopify:\/\/shop_images\/Redstuff_Generic_pad_box_1fcaf3bc-3ed8-4a81-97b2-b26116845e97.jpg","height":"adapt","desktop_image_width":"small","layout":"text_first","desktop_content_position":"top","desktop_content_alignment":"left","content_layout":"no-overlap","section_color_scheme":"","color_scheme":"","image_behavior":"none","mobile_content_alignment":"left","padding_top":36,"padding_bottom":36}},"rich_text_wpiARD":{"type":"rich-text","blocks":{"text_BUpTE6":{"type":"text","settings":{"text":"<p><strong>Remedies<\/strong><\/p><ol><li>Make sure your pads have noise shims, provided on all EBC pads.<\/li><li>Allow pads to bed in and if noise continues after 500 miles give the brake system a good workout with a few heavier brake applications on a safe road<\/li><li>Check caliper condition, calipers need to be removed and serviced every 5-7 years or exchanged. Sliders and pins in calipers corrode and cause pad drag that leads to brake overheat and squeal.<\/li><li>If noise continues after the above contact your pad supplier to discuss a different grade of pad, at EBC we have a no quibble replacement for customers who have issues with such things , having said that the incidence of noise on EBC pads after bed in is almost zero.<\/li><\/ol>"}}},"block_order":["text_BUpTE6"],"settings":{"desktop_content_position":"center","content_alignment":"center","color_scheme":"","full_width":true,"padding_top":40,"padding_bottom":52}}},"order":["main","rich_text_biyBEx","image_with_text_WNBaVg","rich_text_wpiARD"]}