{"sections":{"main":{"type":"main-page","disabled":true,"settings":{"padding_top":28,"padding_bottom":28}},"filter_widget_Lh9mWD":{"type":"filter-widget","settings":{"image_link":""}},"rich_text_ghWzXh":{"type":"rich-text","blocks":{"heading_RzbQJH":{"type":"heading","settings":{"heading":"<strong>EBC Yellowstuff™ Brake Pads<\/strong>","heading_size":"h1"}},"text_ymNjWW":{"type":"text","settings":{"text":"<p><strong>As the world’s #1 selling pad grade, EBC Yellowstuff 3068 has been reimagined for 2021 to deliver exceptional stopping power for modern sedans and hot hatches. Designed for fast street driving, this high-friction pad is also 100% R90 approved, ensuring compliance for road use across Europe.<\/strong><\/p>"}}},"block_order":["heading_RzbQJH","text_ymNjWW"],"custom_css":["h2,p {color: black;}"],"settings":{"desktop_content_position":"center","content_alignment":"left","color_scheme":"scheme-2c1df615-4845-479e-9cc0-5179e148bb63","full_width":true,"padding_top":40,"padding_bottom":52}},"multicolumn_UeYkbH":{"type":"multicolumn","blocks":{"column_EAYcJU":{"type":"column","settings":{"image":"shopify:\/\/shop_images\/DP41210R_Friction.jpg","title":"","text":"","link_label":"","link":""}},"column_pRYnV6":{"type":"column","settings":{"image":"shopify:\/\/shop_images\/DP41210R_Pair.jpg","title":"","text":"","link_label":"","link":""}},"column_cJ9eLP":{"type":"column","settings":{"image":"shopify:\/\/shop_images\/DP41210R_Front.jpg","title":"","text":"","link_label":"","link":""}}},"block_order":["column_EAYcJU","column_pRYnV6","column_cJ9eLP"],"settings":{"title":"","heading_size":"h1","image_width":"full","image_ratio":"adapt","columns_desktop":3,"column_alignment":"left","background_style":"none","button_label":"","button_link":"","color_scheme":"","columns_mobile":"1","swipe_on_mobile":false,"padding_top":0,"padding_bottom":0}},"rich_text_G8rJF3":{"type":"rich-text","blocks":{"heading_6fFmpi":{"type":"heading","settings":{"heading":"<strong>Why Choose EBC Yellowstuff Pads?<\/strong>","heading_size":"h1"}},"text_L4CzDG":{"type":"text","settings":{"text":"<p>A high friction pad that works from cold and self seats on install because of the applied brake-in surface coating. Perfect for fast road and light track use, capable of handling cars with a range of power and use. EBC YellowStuff is our bed selling pad and has a brand new compound tweak which is new for 2021, designed where great stopping power is your goal on fast street use on modern sedans and hot hatches as well as being 100% R90 approved.<\/p><p>✅ Our flagship, top-selling high-friction brake pad delivers enhanced braking performance—expertly crafted in the UK and designed for premium quality.<\/p><p>✅ Ideal for high-performance street cars, trucks, and SUVs needing a substantial brake power upgrade.<br\/><\/p><p>✅ Exceptionally quiet and smooth braking in all conditions, featuring fully shimmed, slotted, and chamfered construction.<br\/><\/p><p>✅ Outstanding cold bite with excellent high-temperature fade resistance.<br\/>✅ Progressive braking response with superior pedal feel.<br\/>✅ Significantly shorter stopping distances compared to OE.<br\/>✅ Brake-In™ coating ensures a faster bed-in process.<br\/>✅ R90 approved, making it fully road-legal in European markets.<br\/>✅ For track use, Bluestuff may be a better option due to its shorter bedding-in period.<\/p>"}}},"block_order":["heading_6fFmpi","text_L4CzDG"],"settings":{"desktop_content_position":"center","content_alignment":"left","color_scheme":"scheme-2c1df615-4845-479e-9cc0-5179e148bb63","full_width":true,"padding_top":24,"padding_bottom":24}},"multicolumn_drbQMW":{"type":"multicolumn","blocks":{"column_gH33Xz":{"type":"column","settings":{"image":"shopify:\/\/shop_images\/yellow-stuff-withbox.jpg","title":"<strong>EBC Yellowstuff Brake Pads<\/strong>","text":"<p>Enhanced Braking Power: Designed with a high-friction formula, Yellowstuff provides superior stopping performance, significantly reducing stopping distances compared to OE pads.<\/p><p>Versatile Application: Perfect for fast street driving, heavy-duty trucks, and SUVs where reliable braking power is essential.<\/p><p>Quiet and Smooth Operation: Features shimmed, slotted, and chamfered construction for ultra-quiet braking and smooth performance under all conditions.<\/p><p>Exceptional Cold Bite: Delivers strong initial braking even when cold, combined with fade resistance at high temperatures.<\/p><p>Progressive Braking Feel: Enjoy unparalleled pedal feedback and control for confident and consistent braking.<\/p><p>Accelerated Bedding-In: Equipped with Brake-In™ coating for a faster bed-in process, ensuring optimal performance right out of the box.<\/p>","link_label":"","link":""}},"column_yQaMXT":{"type":"column","settings":{"image":"shopify:\/\/shop_images\/Spidergrams_November_2022_Yellowstuff.jpg","title":"<strong>EBC Yellowstuff Brake Pads<\/strong>","text":"<p>EBC Yellowstuff is an aramid fiber-based brake compound offering high-performance braking from cold. As one of the first compounds suitable for both street and light track use, Yellowstuff pads are a versatile choice for fast drivers. While they require a longer bedding-in process, they excel under the heat of hard driving, delivering even greater stopping power when it matters most.<\/p><p>For drivers seeking faster bedding-in times and even higher fade resistance, consider the new Bluestuff NDX grade. Launched in 2022, Bluestuff is designed for quicker preparation at the track while maintaining the high standards of performance expected from EBC.<\/p>","link_label":"","link":""}}},"block_order":["column_gH33Xz","column_yQaMXT"],"settings":{"title":"","heading_size":"h1","image_width":"full","image_ratio":"adapt","columns_desktop":2,"column_alignment":"left","background_style":"none","button_label":"","button_link":"","color_scheme":"","columns_mobile":"1","swipe_on_mobile":false,"padding_top":36,"padding_bottom":36}},"video_hMwVcm":{"type":"video","settings":{"heading":"","heading_size":"h1","enable_video_looping":false,"video_url":"https:\/\/youtu.be\/WpuwPez-5Mo?si=HalBjRbJUy6Yaonb","cover_image":"shopify:\/\/shop_images\/YellowStuff.jpg","description":"","full_width":false,"color_scheme":"","padding_top":0,"padding_bottom":0}},"filter_widget_kcn7Dw":{"type":"filter-widget","settings":{"image_link":""}},"featured_collection_bEENBG":{"type":"featured-collection","settings":{"title":"","heading_size":"h1","description":"","show_description":false,"description_style":"body","collection":"ebc-yellowstuff-brake-pads","products_to_show":4,"columns_desktop":4,"full_width":false,"show_view_all":true,"view_all_style":"solid","enable_desktop_slider":false,"color_scheme":"","image_ratio":"adapt","image_shape":"default","show_secondary_image":false,"show_vendor":false,"show_rating":false,"quick_add":"none","columns_mobile":"2","swipe_on_mobile":false,"padding_top":36,"padding_bottom":36}}},"order":["main","filter_widget_Lh9mWD","rich_text_ghWzXh","multicolumn_UeYkbH","rich_text_G8rJF3","multicolumn_drbQMW","video_hMwVcm","filter_widget_kcn7Dw","featured_collection_bEENBG"]}