{"sections":{"main":{"type":"main-page","disabled":true,"settings":{"padding_top":28,"padding_bottom":28}},"rich_text_4aHtKn":{"type":"rich-text","blocks":{"heading_n8gBhf":{"type":"heading","settings":{"heading":"EBC Pads and Discs Kits","heading_size":"h1"}},"text_L7rQjq":{"type":"text","settings":{"text":"<p>The EBC Pad & Disc Kit (PDK) is the perfect choice for upgrading your vehicle's brakes and are completely matched for any on-the-road need. We highly recommend that when brake discs are changed, the pads are too – This will prevent premature wear of both the discs & pads.<\/p><p>All our Pad & Disc Kits are matched together by need, whether it's Ultimax Pads & Precision Rotors for day-to-day use or Yellowstuff Pads & Turbo Grooved Discs for fast road & trackday applications.<\/p>"}}},"block_order":["heading_n8gBhf","text_L7rQjq"],"custom_css":["h2,p {color: white;}"],"settings":{"desktop_content_position":"center","content_alignment":"center","color_scheme":"scheme-d3c5c3ce-7683-4f26-a794-c986368fda92","full_width":true,"padding_top":40,"padding_bottom":52}},"image_and_rich_text_6yRWeG":{"type":"image-and-rich-text","settings":{"main_heading":"Full Axle sets","content":"<ol><li><strong>Perfect Pairing<\/strong>: Matched pads and discs are designed to work seamlessly together for optimal braking performance.<\/li><li><strong>Quick Bed-In<\/strong>: Advanced manufacturing processes ensure fast bedding for immediate and reliable stopping power.<\/li><li><strong>Durable Construction<\/strong>: High-quality materials ensure longevity and consistent performance under all driving conditions.<\/li><li><strong>Versatile Applications<\/strong>: Suitable for daily driving, spirited road use, track days, and heavy-duty applications.<\/li><li><strong>Enhanced Safety<\/strong>: Meets or exceeds safety standards, including R90 approval where applicable.<\/li><li><strong>Improved Performance<\/strong>: Features like grooves and advanced bonding systems enhance debris removal, cooling, and braking reliability.<\/li><li><strong>Environmentally Conscious<\/strong>: Many kits include eco-friendly components certified for reduced environmental impact.<\/li><li><strong>Trusted by Drivers<\/strong>: Proven in both professional motorsports and everyday driving scenarios.<\/li><\/ol>","button_text":"","button_url":"","main_image":"shopify:\/\/shop_images\/7069355b-0f27-4de6-ac63-b01ab3f6783b.jpg","reverse":false}},"rich_text_6eqYEt":{"type":"rich-text","blocks":{"heading_LDyhMQ":{"type":"heading","settings":{"heading":"<strong>Why Choose EBC Pad & Disc Kits?<\/strong>","heading_size":"h1"}},"text_m4PaHX":{"type":"text","settings":{"text":"<p><strong>Complete Axle Sets:<\/strong> Our kits are thoughtfully designed to cover your entire axle – front, rear, or even the entire vehicle. Say goodbye to the hassle of searching for individual components; we've got you covered.<\/p><p><strong>Exceptional Value:<\/strong> Save up to 15% compared to buying brake pads and discs separately. With the EBC Pad & Disc Kit, you're not only upgrading your brakes but also your savings.<\/p><p><strong>Enhanced Performance:<\/strong> When it's time to replace your brake discs, it's a smart move to replace your brake pads simultaneously. This ensures an optimal bedding-in process, leading to superior braking performance and longevity.<\/p><p><strong>Tailored Options:<\/strong> With a diverse range of 22 options, you can find the perfect combination for your driving needs. From everyday replacements to high-performance upgrades, we have options like the Yellowstuff pads and Turbogroove discs for optimal road performance, or the Redstuff pads and plain discs for reduced brake dust.<\/p><p><\/p><p>Upgrade your driving experience today with the EBC Pad & Disc Kit. Embrace safety, performance, and value like never before. Don't settle for less – choose EBC and elevate your braking game. Browse the EBC range and take the first step towards a safer and exhilarating journey on the road.<\/p><p><strong>Superb price point and great quality.<\/strong><\/p><p>Don’t judge the product by the price, these quality brake pads will stop your vehicle as good as any original equipment brake pads and faster than most replacement aftermarket pads.<\/p><p><\/p><p><strong>Vehicle finder<\/strong><\/p><p>Use the Vehicle finder below to find your Bluestuff brake pads.<\/p><p>Be sure to look out for the Ultimax pad and disc kits and save even more money by including the discs.<\/p><p><strong>Can’t find what you’re looking for?<\/strong><\/p><p>The team here at EBC Brake Shop are always ready to help, if there is something you are unsure of or would like to know, then please get in contact.<\/p>"}}},"block_order":["heading_LDyhMQ","text_m4PaHX"],"settings":{"desktop_content_position":"center","content_alignment":"center","color_scheme":"","full_width":true,"padding_top":0,"padding_bottom":0}},"image_and_rich_text_GaxGBM":{"type":"image-and-rich-text","settings":{"main_heading":"Which Pads Are Available In Pad & Disc Kits?","content":"<p><strong>Ultimax Brake Pads:<\/strong><\/p><p>Experience reliability like never before with our Ultimax Brake Pads. Ideal for daily drivers, these pads offer a balanced blend of consistent braking performance, reduced noise, and extended pad life. Navigate urban streets with confidence, knowing that your braking power is optimised for everyday situations.<\/p><p><strong>Greenstuff Brake Pads:<\/strong><\/p><p>Enter the realm of eco-friendly performance with our Greenstuff Brake Pads. Designed for a lighter environmental footprint, these pads offer smooth and quiet braking without compromising on stopping efficiency. Enjoy a harmonious blend of performance and responsible driving.<\/p><p><strong>Redstuff Brake Pads:<\/strong><\/p><p>For those who demand enhanced stopping power, the Redstuff Brake Pads are the perfect choice. Engineered for performance, these pads deliver impressive bite, shorter stopping distances, and reduced brake dust. Whether you're tackling spirited drives or seeking improved safety, Redstuff has your back.<\/p><p><strong>Yellowstuff Brake Pads:<\/strong><\/p><p>Unleash the beast within with Yellowstuff Brake Pads – the choice of enthusiasts. Engineered for high-performance driving, these pads provide exceptional stopping power, even in challenging conditions. If you seek track-ready performance without sacrificing street comfort, look no further.<\/p><p><strong>Bluestuff Brake Pads:<\/strong><\/p><p>Elevate your braking game to the next level with Bluestuff Brake Pads. Engineered for heavy-duty applications, these pads excel in performance and heat management. If you're towing, hauling, or driving a high-powered vehicle, Bluestuff is your dependable companion.<\/p><p><strong>RP-1™ Brake Pads:<\/strong><\/p><p>Introducing the revolutionary RP-1™ Brake Pads, designed for motorsport and heavy-duty applications. With exceptional thermal stability and fade resistance, these pads are engineered to excel on the track and demanding terrains.<\/p><p><strong>SUV\/4x4 Brake Pads:<\/strong><\/p><p>Tackle the challenges of off-road and SUV driving with our specialised brake pads. Engineered to handle heavier vehicles and diverse terrains, these pads ensure safety, performance, and reliability when you need it most.<\/p><p>EBC Automotive Brake Pads are more than just components – they are precision-engineered solutions for a wide range of driving demands. Whether you prioritise comfort, performance, eco-friendliness, or heavy-duty tasks, our brake pad options have been meticulously crafted to exceed your expectations.<\/p>","button_text":"","button_url":"","main_image":"shopify:\/\/shop_images\/Automotive_Pads_Group.jpg","reverse":true}},"image_and_rich_text_zhyHUD":{"type":"image-and-rich-text","settings":{"main_heading":"Which Discs Are Available In Pad & Disc Kits?","content":"<p><strong>Plain Discs:<\/strong><\/p><p>Fantastic value and OE quality, a great replacement option.<\/p><p><strong>Ultimax Discs:<\/strong><\/p><p>Unleash aggressive looks and performance with the USR Series – perfect for street and light track use.<\/p><p><strong>GD Sport Discs:<\/strong><\/p><p>Elevate your vehicle's performance with these sport rotors, featuring precision-drilled holes for enhanced cooling and performance.<\/p><p><strong>BSD Discs:<\/strong><\/p><p>The Blade Sport Discs offer advanced cooling and reduced weight for improved overall braking efficiency.<\/p><p><strong>And More:<\/strong><\/p><p>Explore our full range to find the perfect match for your driving style and needs.<\/p>","button_text":"","button_url":"","main_image":"shopify:\/\/shop_images\/Auto_Discs_Gen3_Group_1920x1080px.jpg","reverse":false}},"rich_text_6gFHxT":{"type":"rich-text","blocks":{"text_WPWFYQ":{"type":"text","settings":{"text":"<h2><strong>Save on the cost of buying separate parts with this quality<br\/>brake pads and discs kit which includes pads, discs and caliper lube.<\/strong><\/h2>"}}},"block_order":["text_WPWFYQ"],"custom_css":["h2, p{color: white;}"],"settings":{"desktop_content_position":"center","content_alignment":"center","color_scheme":"scheme-d3c5c3ce-7683-4f26-a794-c986368fda92","full_width":true,"padding_top":40,"padding_bottom":52}}},"order":["main","rich_text_4aHtKn","image_and_rich_text_6yRWeG","rich_text_6eqYEt","image_and_rich_text_GaxGBM","image_and_rich_text_zhyHUD","rich_text_6gFHxT"]}