{"sections":{"main":{"type":"main-page","disabled":true,"settings":{"padding_top":28,"padding_bottom":28}},"filter_widget_nxxrBA":{"type":"filter-widget","settings":{}},"rich_text_gFLtfa":{"type":"rich-text","blocks":{"heading_pLUX4F":{"type":"heading","settings":{"heading":"EBC Bluestuff NDX Brake Pads","heading_size":"h1"}},"text_CfNWU9":{"type":"text","settings":{"text":"<p>EBC Bluestuff brake pads are the ultimate choice for premium performance on high-end cars. Designed to bed in quickly for street use, they deliver <strong>ZERO noise, squeal, or vibration<\/strong>, offering a smooth, quiet driving experience.<\/p><p>Bluestuff pads are <strong>track-day favorites<\/strong>, ideal for drivers who want to enjoy high-performance braking during events and return home safely. With their <strong>fast bed-in and fit-and-forget characteristics<\/strong>, these pads are perfect for street and light track use.<\/p>"}}},"block_order":["heading_pLUX4F","text_CfNWU9"],"custom_css":["h2,p {color: white;}"],"settings":{"desktop_content_position":"center","content_alignment":"left","color_scheme":"scheme-f3a069ef-cb64-4923-a5cb-6a2239ba5446","full_width":true,"padding_top":40,"padding_bottom":52}},"multicolumn_JkKCxd":{"type":"multicolumn","blocks":{"column_A8Te8f":{"type":"column","settings":{"image":"shopify:\/\/shop_images\/DP51110NDX_Pair.jpg","title":"","text":"","link_label":"","link":""}},"column_RefpUq":{"type":"column","settings":{"image":"shopify:\/\/shop_images\/DP5006NDX_Pair.jpg","title":"","text":"","link_label":"","link":""}},"column_GBB4BH":{"type":"column","settings":{"image":"shopify:\/\/shop_images\/DP5002NDX_Pair.jpg","title":"","text":"","link_label":"","link":""}}},"block_order":["column_A8Te8f","column_RefpUq","column_GBB4BH"],"settings":{"title":"","heading_size":"h1","image_width":"full","image_ratio":"adapt","columns_desktop":3,"column_alignment":"left","background_style":"none","button_label":"","button_link":"","color_scheme":"","columns_mobile":"1","swipe_on_mobile":false,"padding_top":0,"padding_bottom":0}},"rich_text_RbcpBx":{"type":"rich-text","blocks":{"heading_9GApKB":{"type":"heading","settings":{"heading":"<strong>Why Choose EBC Bluestuff NDX Pads?<\/strong>","heading_size":"h1"}},"text_KGxV6K":{"type":"text","settings":{"text":"<p>Why Choose EBC Bluestuff NDX Brake Pads?<\/p><p>EBC Bluestuff NDX pads are the ideal entry-level race brake pads, combining track-ready performance with R90 approval for most applications. Designed for quick bedding, these pads are perfect for track days and spec series racing, delivering reliable stopping power for high-performance vehicles.<\/p><p>Unmatched Performance & Durability<\/p><p>- Heat-resistant: Operates at rotor temperatures of 0-550°C (ambient to 1000°F).<\/p><p>- Patented NUCAP NRS hook system: Enhances bond strength, reducing pad-to-plate separation risks.<\/p><p>- Vee grooves: Capture debris during track use for improved reliability.<\/p><p>- Surface scorching: Reduces bed-in time for faster track readiness.<\/p><p>Easy Bed-In Process<br\/>Bluestuff pads undergo a heat scorching process to minimize bedding time. During the first 200 miles, apply brakes gently and gradually increase braking force in a safe environment. Brake fade and odor are normal during this phase, with performance improving after proper bedding-in and cooling.<\/p><p>Proven on Track<br\/>With a 0.52 Mu compound, Bluestuff NDX is trusted in BMW cup series racing and other spec series across Europe. For lighter cars, pairing Bluestuff NDX on the front with a lower-friction B version on the rear can improve brake balance.<\/p>"}}},"block_order":["heading_9GApKB","text_KGxV6K"],"custom_css":["h2,p {color: white;}"],"settings":{"desktop_content_position":"center","content_alignment":"left","color_scheme":"scheme-f3a069ef-cb64-4923-a5cb-6a2239ba5446","full_width":true,"padding_top":28,"padding_bottom":28}},"multicolumn_pixJF7":{"type":"multicolumn","blocks":{"column_U8NKXz":{"type":"column","settings":{"image":"shopify:\/\/shop_images\/blue-stuff-withbox.jpg","title":"<strong>EBC Bluestuff Brake Pads<\/strong>","text":"<p>- Super-fast bed-in for street and track use<\/p><p>- Zero noise, squeal, or vibration<\/p><p>- Powerful braking for 4x4s and armored vehicles<\/p><p>- R90 approved for street use in Europe<\/p><p>- Environmentally friendly with the highest N rating<\/p><p>Experience the difference with EBC Bluestuff brake pads—a high-performance solution for every drive.<\/p>","link_label":"","link":""}},"column_AkEden":{"type":"column","settings":{"image":"shopify:\/\/shop_images\/Spidergrams_2023_BLUESTUFF-NDX.jpg","title":"<strong>EBC Bluestuff Brake Pads<\/strong>","text":"<p>EBC Bluestuff are heat scorched which helps bedding times. Use the brakes gently for 200 miles, gradually increasing demand on the brakes in a SAFE ROAD ENVIRONMENT until you feel totally confident and can evaluate their stopping distances in all traffic conditions.<\/p><p><\/p>","link_label":"","link":""}}},"block_order":["column_U8NKXz","column_AkEden"],"settings":{"title":"","heading_size":"h1","image_width":"full","image_ratio":"adapt","columns_desktop":2,"column_alignment":"left","background_style":"none","button_label":"","button_link":"","color_scheme":"","columns_mobile":"1","swipe_on_mobile":false,"padding_top":0,"padding_bottom":0}},"rich_text_h8xCXX":{"type":"rich-text","blocks":{"heading_wjQKi9":{"type":"heading","settings":{"heading":"EBC Bluestuff B Brake Pads","heading_size":"h1"}},"text_DLpdX4":{"type":"text","settings":{"text":"<p>The Bluestuff B version features a <strong>medium-friction compound<\/strong> with all the benefits of Bluestuff NDX, including <strong>fast bedding-in<\/strong> and a smooth, linear performance curve. Designed for <strong>rear calipers<\/strong> or <strong>lighter race cars<\/strong>, it provides reduced friction to help prevent wheel lockup, ensuring balanced and controlled braking.<\/p><p>This pad is an excellent choice for vehicles like <strong>Caterhams, smaller-engine Lotus models, and Mazda Miata MX-5s<\/strong>, where a lower-friction solution enhances performance and handling.<\/p>"}}},"block_order":["heading_wjQKi9","text_DLpdX4"],"custom_css":["h2,p {color: white;}"],"settings":{"desktop_content_position":"center","content_alignment":"left","color_scheme":"scheme-f3a069ef-cb64-4923-a5cb-6a2239ba5446","full_width":true,"padding_top":40,"padding_bottom":52}},"multicolumn_PmCrVq":{"type":"multicolumn","blocks":{"column_tWxeGa":{"type":"column","settings":{"image":"shopify:\/\/shop_images\/yellow_lapsim_1.webp","title":"","text":"","link_label":"","link":""}},"column_6zxGMc":{"type":"column","settings":{"image":"shopify:\/\/shop_images\/yellow_lapsim_2.webp","title":"","text":"","link_label":"","link":""}},"column_XnCFRa":{"type":"column","settings":{"image":"shopify:\/\/shop_images\/padrates.webp","title":"","text":"","link_label":"","link":""}}},"block_order":["column_tWxeGa","column_6zxGMc","column_XnCFRa"],"settings":{"title":"","heading_size":"h1","image_width":"full","image_ratio":"adapt","columns_desktop":3,"column_alignment":"left","background_style":"none","button_label":"","button_link":"","color_scheme":"","columns_mobile":"1","swipe_on_mobile":false,"padding_top":0,"padding_bottom":0}},"video_mrVM9k":{"type":"video","settings":{"heading":"","heading_size":"h1","enable_video_looping":false,"video_url":"https:\/\/www.youtube.com\/watch?v=m4wwnD2BAV0&list=PLsgxvW74X0jIHsTPGXKshbis7yL0Mjk_m&index=5","cover_image":"shopify:\/\/shop_images\/BlueStuff.jpg","description":"","full_width":false,"color_scheme":"","padding_top":36,"padding_bottom":36}},"filter_widget_WPmRn3":{"type":"filter-widget","settings":{}},"featured_collection_PeCmP4":{"type":"featured-collection","settings":{"title":"","heading_size":"h1","description":"","show_description":false,"description_style":"body","collection":"ebc-bluestuff-brake-pads","products_to_show":4,"columns_desktop":4,"full_width":false,"show_view_all":true,"view_all_style":"solid","enable_desktop_slider":false,"color_scheme":"","image_ratio":"adapt","image_shape":"default","show_secondary_image":false,"show_vendor":false,"show_rating":false,"quick_add":"none","columns_mobile":"2","swipe_on_mobile":false,"padding_top":36,"padding_bottom":36}}},"order":["main","filter_widget_nxxrBA","rich_text_gFLtfa","multicolumn_JkKCxd","rich_text_RbcpBx","multicolumn_pixJF7","rich_text_h8xCXX","multicolumn_PmCrVq","video_mrVM9k","filter_widget_WPmRn3","featured_collection_PeCmP4"]}