{"sections":{"filter_widget_y9YcRE":{"type":"filter-widget","settings":{}},"main":{"type":"main-page","disabled":true,"settings":{"padding_top":28,"padding_bottom":28}},"rich_text_ghWzXh":{"type":"rich-text","blocks":{"heading_RzbQJH":{"type":"heading","settings":{"heading":"<strong>RP-1™ Racing Brake Pads<\/strong>","heading_size":"h1"}},"text_ymNjWW":{"type":"text","settings":{"text":"<p><strong>EBC Brakes Racing’s dedicated motorsport pad RP-1™ pairs high-performance with unprecedented modulation and control, resulting in a track pad that feels uniquely different to the competition and allows drivers to extract every last tenth from each and every braking zone.<\/strong><\/p>"}}},"block_order":["heading_RzbQJH","text_ymNjWW"],"custom_css":["h2,p {color: black;}",".rich-text {max-width: 1500px; margin: 0 auto;}"],"settings":{"desktop_content_position":"center","content_alignment":"center","color_scheme":"scheme-2","full_width":true,"padding_top":40,"padding_bottom":52}},"image_and_rich_text_QzUDzL":{"type":"image-and-rich-text","settings":{"main_heading":"Unprecedented Modulation & Control","content":"<p>Designed for vehicles driven hard on track, RP-1™ possesses a moderately high friction level of 0.45 between 100 – 750°C (200 – 1400°F). The more progressive response characteristic of RP-1™ makes it well suited for inherently ‘over-servoed’ vehicles where a softer pad material is desirable to allow greater finesse when on the brakes.RP-1™ also works superbly when used with many competitors (non-EBC) Big Brake Kits, where the more progressive pad response helps to negate the over-servoed sensation often experienced after fitment of larger diameter brake discs and calipers with large piston displacements. EBC Racing would like to emphasise that it is not a case of RP-1™ being ‘less good’ than RP-X™, rather it is ‘different’ and designed to provide a distinctly different response characteristic (less aggressive bite) which some drivers may prefer. For a detailed comparison between the 2 materials, please read the following article where we aim to help you make an informed choice on which material is likely to work best for your application and individual driving style.<\/p>","button_text":"","button_url":"","main_image":"shopify:\/\/shop_images\/RP1_Generic_pad_1b244b23-2810-440c-85fd-da6b54bea0ca.webp","reverse":false}},"image_and_rich_text_ibDwJR":{"type":"image-and-rich-text","settings":{"main_heading":"RP-1 Features","content":"<ul><li>Made 100% in EBC Brakes' Bristol, UK pad Factory<\/li><li>Stainless steel backing plates (reduced heat conduction, no paint)<\/li><li>Backplates feature Nucap® NRS® hook pad retention system<\/li><li>Good pad life with excellent disc life<\/li><li>NOT R90 approved for road use in European markets<\/li><li>Made with Nucap NRS hooks on backplates to totally eliminate the chance of pad debond<\/li><\/ul><p><\/p>","button_text":"","button_url":"","main_image":"shopify:\/\/shop_images\/RP-1-Race-Compound-mu-chart-1536x969.webp","reverse":true}},"rich_text_XTxbTK":{"type":"rich-text","blocks":{"heading_Yn8AWy":{"type":"heading","settings":{"heading":"<strong>RP-X™ Racing Brake Pads<\/strong>","heading_size":"h2"}},"text_a48mPb":{"type":"text","settings":{"text":"<p>Following the hugely successful launch of RP-1™, EBC Brakes Racing increases its motorsport brake pad range with the introduction of our latest ultra-high-performance track & race material, RP-X™.<\/p>"}}},"block_order":["heading_Yn8AWy","text_a48mPb"],"custom_css":["h2,p {color: black;}",".rich-text {max-width: 1500px; margin: 0 auto;}"],"settings":{"desktop_content_position":"center","content_alignment":"center","color_scheme":"scheme-2","full_width":true,"padding_top":40,"padding_bottom":52}},"image_with_text_bUwFcU":{"type":"image-with-text","blocks":{"heading_JRNNFL":{"type":"heading","settings":{"heading":"<strong>Distinctly Different Response Characteristics<\/strong>","heading_size":"h2"}},"text_LFxLgP":{"type":"text","settings":{"text":"<p>Designed for vehicles driven hard on track, RP-X™ possesses a high friction level of 0.55 between 0 – 750°C (Ambient – 1400°F) and achieves a 100% brake effect from cold. This makes RP-X™ an excellent choice for sprint racing or hill climb events, where full brake performance is essential without requiring any ‘warming up’, but also makes RP-X™ well suited to any type of circuit use where a high initial bite and powerful brake response is desirable.EBC Racing would like to emphasise that it is not a case of RP-X™ being ‘better’ than RP-1™, rather it is ‘different’ and designed to provide a distinctly different response characteristic (more aggressive bite) which some drivers may prefer. For a detailed comparison between the 2 materials, please read the following article where we aim to help you make an informed choice on which material is likely to work best for your application and individual driving style.<\/p>","text_style":"body"}}},"block_order":["heading_JRNNFL","text_LFxLgP"],"settings":{"image":"shopify:\/\/shop_images\/RPX_Generic_pad_1500x1500px_Gradient.jpg","height":"small","desktop_image_width":"medium","layout":"text_first","desktop_content_position":"top","desktop_content_alignment":"left","content_layout":"no-overlap","section_color_scheme":"","color_scheme":"","image_behavior":"none","mobile_content_alignment":"left","padding_top":36,"padding_bottom":36}},"image_with_text_jwdbFW":{"type":"image-with-text","blocks":{"heading_3pmMMd":{"type":"heading","settings":{"heading":"RPX Features","heading_size":"h2"}},"text_AgJhEf":{"type":"text","settings":{"text":"<p>- Made 100% in EBC Brakes’ Bristol, UK pad factory<\/p><p>- Stainless steel backing plates (reduced heat conduction, no paint)<\/p><p>- Backplates feature Nucap® NRS® hook pad retention system<\/p><p>- Excellent pad life with moderate disc life<\/p><p>- NOT R90 approved for road use in European markets<\/p><p><strong>-  Made with Nucap NRS hooks on backplates to totally eliminate the chance of pad debond.<\/strong><\/p>","text_style":"body"}},"button_WVhKWt":{"type":"button","settings":{"button_label":"Button label","button_link":"","button_style_secondary":false}}},"block_order":["heading_3pmMMd","text_AgJhEf","button_WVhKWt"],"settings":{"image":"shopify:\/\/shop_images\/RP-x-Race-Compound-mu-chart-1-1536x969.webp","height":"adapt","desktop_image_width":"medium","layout":"image_first","desktop_content_position":"top","desktop_content_alignment":"left","content_layout":"no-overlap","section_color_scheme":"","color_scheme":"","image_behavior":"none","mobile_content_alignment":"left","padding_top":36,"padding_bottom":36}},"video_DehMeG":{"type":"video","settings":{"heading":"","heading_size":"h1","enable_video_looping":false,"video_url":"https:\/\/www.youtube.com\/watch?v=NIJEg0xPMOA&list=PLsgxvW74X0jIHsTPGXKshbis7yL0Mjk_m&index=1","cover_image":"shopify:\/\/shop_images\/RP-X.jpg","description":"","full_width":false,"color_scheme":"","padding_top":36,"padding_bottom":36}}},"order":["filter_widget_y9YcRE","main","rich_text_ghWzXh","image_and_rich_text_QzUDzL","image_and_rich_text_ibDwJR","rich_text_XTxbTK","image_with_text_bUwFcU","image_with_text_jwdbFW","video_DehMeG"]}