{"sections":{"main":{"type":"main-page","disabled":true,"settings":{"padding_top":28,"padding_bottom":28}},"rich_text_EBpwcN":{"type":"rich-text","blocks":{"heading_9B6HCi":{"type":"heading","settings":{"heading":"EBC Stainless Steel Brake Lines","heading_size":"h2"}}},"block_order":["heading_9B6HCi"],"custom_css":["h2,p {color: white;}"],"settings":{"desktop_content_position":"center","content_alignment":"center","color_scheme":"scheme-3","full_width":true,"padding_top":40,"padding_bottom":52}},"multicolumn_QaE4YX":{"type":"multicolumn","blocks":{"column_jp6y3D":{"type":"column","settings":{"image":"shopify:\/\/shop_images\/Auto_Brake_Lines.jpg","title":"","text":"","link_label":"","link":""}},"column_MY4crF":{"type":"column","settings":{"image":"shopify:\/\/shop_images\/Auto_Brake_Lines_Set_1.jpg","title":"","text":"","link_label":"","link":""}},"column_DcYNtB":{"type":"column","settings":{"image":"shopify:\/\/shop_images\/Auto_Brake_Lines_02.jpg","title":"","text":"","link_label":"","link":""}}},"block_order":["column_jp6y3D","column_MY4crF","column_DcYNtB"],"settings":{"title":"","heading_size":"h1","image_width":"full","image_ratio":"adapt","columns_desktop":3,"column_alignment":"left","background_style":"none","button_label":"","button_link":"","color_scheme":"","columns_mobile":"1","swipe_on_mobile":false,"padding_top":0,"padding_bottom":0}},"rich_text_CGcGDQ":{"type":"rich-text","blocks":{"heading_HMKNam":{"type":"heading","settings":{"heading":"Why Choose EBC Brake Lines?","heading_size":"h1"}},"text_mgQRhE":{"type":"text","settings":{"text":"<p>Looking to improve your brake feel and modulation? EBC’s high performance Brake Hoses are the perfect solution.<\/p>"}},"text_D3jVYf":{"type":"text","settings":{"text":"<p>All of EBC brake lines are direct replacements of the original so fitting the hoses is very easy with identical routing as the original rubber hoses. Every individual line is 100% pressure tested after assembly and is guaranteed to give you a firmer feel meaning you can brake later and harder.<\/p><p>Completely Manufactured in the UK, EBC provides high performance with high quality, assuring that there is no need to look any further for the perfect upgrade to your brakes<\/p>"}}},"block_order":["heading_HMKNam","text_mgQRhE","text_D3jVYf"],"custom_css":["h2,p {color: white;}"],"settings":{"desktop_content_position":"center","content_alignment":"left","color_scheme":"scheme-5","full_width":true,"padding_top":40,"padding_bottom":52}},"filter_widget_qyAeFa":{"type":"filter-widget","settings":{}},"featured_collection_9etrcB":{"type":"featured-collection","settings":{"title":"Featured collection","heading_size":"h1","description":"","show_description":false,"description_style":"body","collection":"ebc-stainless-steel-braided-brake-lines","products_to_show":25,"columns_desktop":6,"full_width":false,"show_view_all":true,"view_all_style":"solid","enable_desktop_slider":false,"color_scheme":"","image_ratio":"adapt","image_shape":"default","show_secondary_image":false,"show_vendor":false,"show_rating":false,"quick_add":"none","columns_mobile":"2","swipe_on_mobile":false,"padding_top":36,"padding_bottom":36}}},"order":["main","rich_text_EBpwcN","multicolumn_QaE4YX","rich_text_CGcGDQ","filter_widget_qyAeFa","featured_collection_9etrcB"]}