{"sections":{"main":{"type":"main-page","disabled":true,"settings":{"padding_top":28,"padding_bottom":28}},"filter_widget_nxxrBA":{"type":"filter-widget","settings":{}},"rich_text_gFLtfa":{"type":"rich-text","blocks":{"heading_pLUX4F":{"type":"heading","settings":{"heading":"EBC Premium Brake Rotors","heading_size":"h1"}},"text_CfNWU9":{"type":"text","settings":{"text":""}}},"block_order":["heading_pLUX4F","text_CfNWU9"],"custom_css":["h2,p {color: white;}",".rich-text {max-width: 1500px; margin: 0 auto;}"],"settings":{"desktop_content_position":"center","content_alignment":"center","color_scheme":"scheme-3","full_width":true,"padding_top":16,"padding_bottom":16}},"box_grid_BKBdwW":{"type":"box-grid","blocks":{"box_item_t3W8Hd":{"type":"box_item","settings":{"page_title":"(D) Replacement","page_url":"shopify:\/\/pages\/vehicle-finder","page_image":"shopify:\/\/shop_images\/D1877_Pair.jpg","hover_text":"High specification replacement brake discs with a plain face."}},"box_item_eVLiKj":{"type":"box_item","settings":{"page_title":"(GD) Turbogroove","page_url":"shopify:\/\/pages\/vehicle-finder","page_image":"shopify:\/\/shop_images\/Gen3_GD_Disc_Generic_Vented.jpg","hover_text":"Dimpled and slotted design, perfect for helping hot gasses escape and look good."}},"box_item_nHP4bb":{"type":"box_item","settings":{"page_title":"(USR) Slotted","page_url":"shopify:\/\/pages\/vehicle-finder","page_image":"shopify:\/\/shop_images\/Gen3_USR_Disc_Generic_Vented.jpg","hover_text":"Slotted design, looks amazing and also performs well and helping hot gasses escape."}},"box_item_L6cD4C":{"type":"box_item","settings":{"page_title":"(BSD) Blade","page_url":"shopify:\/\/pages\/vehicle-finder","page_image":"shopify:\/\/shop_images\/Gen3_BSD_Disc_Generic_Vented.jpg","hover_text":"Unique blade slot design which helps to remove hot gasses from the braking area."}},"box_item_R38qiJ":{"type":"box_item","settings":{"page_title":"2 Piece Floating","page_url":"shopify:\/\/pages\/vehicle-finder","page_image":"shopify:\/\/shop_images\/2_Piece_Disc_Generic_Upright_1500x1500px.jpg","hover_text":"The pinnacle of EBC Brakes rotor range, fully floating rotors, minimising rotor stress"}}},"block_order":["box_item_t3W8Hd","box_item_eVLiKj","box_item_nHP4bb","box_item_L6cD4C","box_item_R38qiJ"],"settings":{"button_text":"shop now"}},"image_with_text_NrVtwq":{"type":"image-with-text","blocks":{"heading_DftMmK":{"type":"heading","settings":{"heading":"Made Using G3000 Cast Iron","heading_size":"h2"}},"text_wmGghD":{"type":"text","settings":{"text":"<p>EBC Automotive brake rotors are crafted from G3000-grade cast iron, ensuring premium durability and performance.<\/p><p> These are not low-cost import brake discs—they meet the highest standards of integrity and quality in the aftermarket. Designed as an OE-quality replacement, they are made from the finest grade iron, providing a perfect fit for any vehicle.<\/p><p>Every EBC rotor undergoes rigorous runout inspection using precision equipment. Even with state-of-the-art manufacturing processes, each rotor is individually checked to guarantee perfect alignment.<\/p>","text_style":"body"}},"button_CiVRLj":{"type":"button","settings":{"button_label":"Shop now","button_link":"shopify:\/\/pages\/vehicle-finder","button_style_secondary":false}}},"block_order":["heading_DftMmK","text_wmGghD","button_CiVRLj"],"settings":{"image":"shopify:\/\/shop_images\/Gen3_D_Disc_Generic_Vented_Rear.webp","height":"small","desktop_image_width":"small","layout":"image_first","desktop_content_position":"top","desktop_content_alignment":"left","content_layout":"no-overlap","section_color_scheme":"scheme-1","color_scheme":"scheme-a1c47543-718d-45fb-b962-3283eec4cfa8","image_behavior":"none","mobile_content_alignment":"left","padding_top":8,"padding_bottom":8}},"image_with_text_dpaVYj":{"type":"image-with-text","blocks":{"heading_Rr4Fwp":{"type":"heading","settings":{"heading":"Quality Castings For An Excellent Product","heading_size":"h2"}},"text_QHhMgV":{"type":"text","settings":{"text":"<p>For castings or finished rotors sourced to expand the product range, EBC applies the most rigorous quality control measures to ensure the highest safety and reliability standards. EBC enhances its products through strict quality inspections, including 100% checks for runout, metallurgy, and dimensional accuracy. Additionally, all USA sport rotors are precision-slotted and finished at either the Las Vegas facility or the UK headquarters.<\/p><p>Before release, every sport rotor undergoes meticulous balancing and runout inspection to guarantee optimal performance. All GD series and USR discs are coated with a durable, corrosion-resistant finish for long-lasting protection.<\/p>","text_style":"body"}},"button_aXxR9V":{"type":"button","settings":{"button_label":"Shop now","button_link":"shopify:\/\/pages\/vehicle-finder","button_style_secondary":false}}},"block_order":["heading_Rr4Fwp","text_QHhMgV","button_aXxR9V"],"settings":{"image":"shopify:\/\/shop_images\/Gen3_GD_Disc_Generic_Vented_Rear.webp","height":"adapt","desktop_image_width":"small","layout":"text_first","desktop_content_position":"top","desktop_content_alignment":"left","content_layout":"no-overlap","section_color_scheme":"","color_scheme":"scheme-a1c47543-718d-45fb-b962-3283eec4cfa8","image_behavior":"none","mobile_content_alignment":"left","padding_top":8,"padding_bottom":8}},"image_with_text_Uc9LqH":{"type":"image-with-text","blocks":{"heading_KGEP9k":{"type":"heading","settings":{"heading":"High Corrosion-Resistant Coating","heading_size":"h2"}},"text_wCAYWX":{"type":"text","settings":{"text":"<p>EBC apply their latest coating the Gen 3 silver to all new production discs. the coating is highly corrosion resistant, the rust prevention coating is now on all current production EBC Brake rotors.<\/p>","text_style":"body"}},"button_qtEKUN":{"type":"button","settings":{"button_label":"","button_link":"","button_style_secondary":false}}},"block_order":["heading_KGEP9k","text_wCAYWX","button_qtEKUN"],"settings":{"image":"shopify:\/\/shop_images\/Gen3_D_Disc_Generic_Vented.jpg","height":"adapt","desktop_image_width":"small","layout":"image_first","desktop_content_position":"top","desktop_content_alignment":"left","content_layout":"no-overlap","section_color_scheme":"","color_scheme":"","image_behavior":"none","mobile_content_alignment":"left","padding_top":0,"padding_bottom":0}},"image_banner_a8FTaR":{"type":"image-banner","custom_css":[".banner {max-width: 800px; margin: 0 auto;}"],"settings":{"image":"shopify:\/\/shop_images\/gd-disc-rotation.jpg","image_overlay_opacity":0,"image_height":"adapt","desktop_content_position":"middle-center","show_text_box":true,"desktop_content_alignment":"center","color_scheme":"","image_behavior":"none","mobile_content_alignment":"center","stack_images_on_mobile":true,"show_text_below":true}},"rich_text_6mJPAU":{"type":"rich-text","blocks":{"heading_pTkC4H":{"type":"heading","settings":{"heading":"EBC 2-Piece Fully Floating","heading_size":"h2"}},"text_XUKbpE":{"type":"text","settings":{"text":"<p>Precision engineering meets premium materials in our most advanced high-performance rotor yet.<\/p>"}}},"block_order":["heading_pTkC4H","text_XUKbpE"],"custom_css":["h2,p {color: white;}",".rich-text {max-width: 1500px; margin: 0 auto;}"],"settings":{"desktop_content_position":"left","content_alignment":"left","color_scheme":"scheme-3","full_width":true,"padding_top":40,"padding_bottom":52}},"image_with_text_iX7QVx":{"type":"image-with-text","blocks":{"caption_mFYqfE":{"type":"caption","settings":{"caption":"EBC Racing","text_style":"caption-with-letter-spacing","text_size":"medium"}},"heading_bN6bTU":{"type":"heading","settings":{"heading":"<strong>Lightweight with Reduced Rotational Inertia<\/strong>","heading_size":"h2"}},"text_Eyx8ew":{"type":"text","settings":{"text":"<p>It is well understood that a vehicle continuously battles against its own weight while in motion. Excess weight hinders acceleration, impairs braking efficiency, and slows directional changes. While a brake disc inevitably adds mass to a vehicle, its impact is even more critical as it contributes to unsprung weight. Additionally, because the brake disc rotates, it also generates rotational inertia.<\/p><p>The influence of a brake disc on vehicle dynamics is therefore more pronounced than that of most other weight-adding components. EBC Brakes Racing’s 2-piece rotors provide a substantial weight reduction compared to similar-sized brake rotors, enhancing acceleration, reducing front-end dive under braking, and improving tire grip. In particular, SG2FC 2-piece conversions deliver a noticeable and highly perceptible improvement in vehicle responsiveness, felt immediately by the driver.<\/p>","text_style":"body"}},"button_BEKthE":{"type":"button","settings":{"button_label":"Button label","button_link":"shopify:\/\/pages\/vehicle-finder","button_style_secondary":false}}},"block_order":["caption_mFYqfE","heading_bN6bTU","text_Eyx8ew","button_BEKthE"],"custom_css":[],"settings":{"image":"shopify:\/\/shop_images\/2_Piece_Disc_Generic_Upright_1500x1500px_e931566e-d546-457a-9ade-a50f59520140.jpg","height":"adapt","desktop_image_width":"small","layout":"text_first","desktop_content_position":"top","desktop_content_alignment":"left","content_layout":"no-overlap","section_color_scheme":"scheme-1","color_scheme":"scheme-a1c47543-718d-45fb-b962-3283eec4cfa8","image_behavior":"none","mobile_content_alignment":"left","padding_top":0,"padding_bottom":0}},"multicolumn_iibxt4":{"type":"multicolumn","blocks":{"column_4ePGye":{"type":"column","settings":{"image":"shopify:\/\/shop_images\/SG2FK025_SingleDiscRear-002-1000x1000.webp","title":"<strong>Fully Floating SG2F Two Piece Rotors\/Discs<\/strong>","text":"<p>EBC’s SG2F rotors are designed as a direct replacement for performance vehicles originally equipped with 2-piece brake rotors, such as the Nissan GT-R (R35).<\/p><p>For vehicles featuring OEM 2-piece pin-drive rotors, the SG2F upgrade provides a seamless swap to a fully floating 2-piece rotor, delivering enhanced performance without requiring any modifications to the vehicle.<\/p>","link_label":"","link":""}},"column_F4Qj3f":{"type":"column","settings":{"image":"shopify:\/\/shop_images\/2_Piece_Disc_Generic_SingleDiscRear_Black.jpg","title":"<strong>SG2FC Two Piece Hub and Ring Solid Rotor Conversions<\/strong>","text":"<p>EBC’s SG2FC conversions upgrade factory 1-piece cast iron rotors to high-performance 2-piece floating alternatives, enhancing braking efficiency and reducing unsprung weight. Ideal for vehicles such as the Ford Focus RS (Mk3) and Honda Civic Type R (FK8), these rotors provide a significant performance boost.<\/p><p>Additionally, SG2FK rotors are a key component of EBC Brakes Racing’s Balanced Brake Kits™, delivering superior braking balance and responsiveness.<\/p>","link_label":"","link":""}}},"block_order":["column_4ePGye","column_F4Qj3f"],"custom_css":[],"settings":{"title":"","heading_size":"h2","image_width":"full","image_ratio":"adapt","columns_desktop":2,"column_alignment":"left","background_style":"primary","button_label":"Button label","button_link":"","color_scheme":"","columns_mobile":"2","swipe_on_mobile":false,"padding_top":0,"padding_bottom":0}},"rich_text_7ahJb6":{"type":"rich-text","blocks":{"heading_WtjDHV":{"type":"heading","settings":{"heading":"","heading_size":"h1"}},"text_axHD4Q":{"type":"text","settings":{"text":"<p>Each outer ring is cast from G3500, a premium-grade disc alloy engineered for high performance. Developed from race technology, this high-carbon, high-copper alloy offers exceptional thermal conductivity and superior heat cycling durability, ensuring maximum rotor lifespan and optimal performance—especially under intense driving conditions or on the track.<\/p>"}}},"block_order":["heading_WtjDHV","text_axHD4Q"],"custom_css":[".rich-text {max-width: 1500px; margin: 0 auto;}"],"settings":{"desktop_content_position":"left","content_alignment":"left","color_scheme":"scheme-2","full_width":true,"padding_top":0,"padding_bottom":16}},"image_banner_CtWDHz":{"type":"image-banner","settings":{"image":"shopify:\/\/shop_images\/2_Piece_Disc_Vanes_980x214px.webp","image_overlay_opacity":0,"image_height":"adapt","desktop_content_position":"middle-center","show_text_box":true,"desktop_content_alignment":"center","color_scheme":"","image_behavior":"none","mobile_content_alignment":"center","stack_images_on_mobile":false,"show_text_below":false}},"rich_text_UFCbdH":{"type":"rich-text","blocks":{"heading_eE9iU3":{"type":"heading","settings":{"heading":"48 Curved Vanes","heading_size":"h2"}},"text_XAndex":{"type":"text","settings":{"text":"<p>EBC cast iron rings feature 48 curved vanes. Handed left and right making sure the vanes always rotate in the correct direction. giving maximum cooling efficeniency. <\/p>"}}},"block_order":["heading_eE9iU3","text_XAndex"],"custom_css":[".rich-text {max-width: 1500px; margin: 0 auto;}"],"settings":{"desktop_content_position":"left","content_alignment":"left","color_scheme":"scheme-2","full_width":true,"padding_top":16,"padding_bottom":16}},"multicolumn_rCMzxT":{"type":"multicolumn","blocks":{"column_Fzk44j":{"type":"column","settings":{"title":"<strong>Modern Vehicles<\/strong>","text":"<p>On many modern vehicles, the vanes on one side rotate in the wrong direction, causing uneven disc temperatures and creating a left-to-right temperature imbalance. Unlike many OEMs that prioritize cost savings over performance, EBC Brakes Racing engineers its rotor rings with a handed design, ensuring optimal brake system efficiency.<\/p><p>Additionally, while exterior machined surfaces may appear similar across different brake rotors, a closer inspection down the vanes often reveals the difference in quality. EBC Brakes Racing rotor rings feature exceptionally smooth cast surfaces, setting them apart from most competitor rotors in both durability and performance.<\/p>","link_label":"","link":""}},"column_jMEMap":{"type":"column","settings":{"title":"<strong>Improved Flow Velocity<\/strong>","text":"<p>EBC achieves this superior quality by using precision-molded resin sand in the casting process, producing a significantly smoother surface that minimizes airflow restriction over the cooling vanes. Less turbulence results in higher flow velocity, enhancing the rotor’s ability to dissipate heat efficiently.<\/p><p>When viewed as a centrifugal pump, the rotor ring’s improved airflow directly translates to better cooling performance, allowing it to function more effectively as a heat exchanger. Simply put, an EBC Brakes Racing rotor ring can be pushed harder and for longer before reaching critical temperatures. This lower operating temperature extends rotor lifespan and helps prevent brake fade, ensuring consistent performance under extreme conditions.<\/p>","link_label":"","link":""}}},"block_order":["column_Fzk44j","column_jMEMap"],"settings":{"title":"","heading_size":"h1","image_width":"full","image_ratio":"adapt","columns_desktop":2,"column_alignment":"left","background_style":"primary","button_label":"Button label","button_link":"","color_scheme":"","columns_mobile":"1","swipe_on_mobile":false,"padding_top":0,"padding_bottom":0}},"rich_text_BVMCmQ":{"type":"rich-text","blocks":{"heading_MCqEht":{"type":"heading","settings":{"heading":"Aerospace Grade Aluminium Bell","heading_size":"h2"}},"text_Tyxwhf":{"type":"text","settings":{"text":"<p>The mounting bells in EBC Brakes Racing’s 2-piece rotors are precision-machined from aerospace-grade billet aluminum, ensuring an ideal balance of strength and lightweight performance.<\/p><p>To enhance durability, each bell undergoes a black anodizing process, resulting in a sleek, corrosion-resistant finish. This not only adds to their aesthetic appeal but also allows the mounting bells to be reused with multiple outer friction rings, significantly reducing long-term running costs.<\/p>"}}},"block_order":["heading_MCqEht","text_Tyxwhf"],"custom_css":[".rich-text {max-width: 1500px; margin: 0 auto;}"],"settings":{"desktop_content_position":"left","content_alignment":"left","color_scheme":"scheme-2","full_width":true,"padding_top":12,"padding_bottom":52}}},"order":["main","filter_widget_nxxrBA","rich_text_gFLtfa","box_grid_BKBdwW","image_with_text_NrVtwq","image_with_text_dpaVYj","image_with_text_Uc9LqH","image_banner_a8FTaR","rich_text_6mJPAU","image_with_text_iX7QVx","multicolumn_iibxt4","rich_text_7ahJb6","image_banner_CtWDHz","rich_text_UFCbdH","multicolumn_rCMzxT","rich_text_BVMCmQ"]}