{"sections":{"filter_widget_mLnwM3":{"type":"filter-widget","settings":{"image_link":""}},"main":{"type":"main-product","blocks":{"title":{"type":"title","settings":{}},"price":{"type":"price","settings":{}},"inventory_cYQzF7":{"type":"inventory","settings":{"text_style":"body","inventory_threshold":10,"show_inventory_quantity":true}},"bullet_points_cdxkX3":{"type":"bullet_points","settings":{}},"variant_picker":{"type":"variant_picker","settings":{"picker_type":"button","swatch_shape":"circle"}},"order_timer_bEQtxE":{"type":"order_timer","settings":{}},"quantity_selector":{"type":"quantity_selector","settings":{}},"buy_buttons":{"type":"buy_buttons","settings":{"show_dynamic_checkout":true,"show_gift_card_recipient":true}}},"block_order":["title","price","inventory_cYQzF7","bullet_points_cdxkX3","variant_picker","order_timer_bEQtxE","quantity_selector","buy_buttons"],"settings":{"enable_sticky_info":false,"color_scheme":"scheme-1","media_size":"medium","constrain_to_viewport":false,"media_fit":"contain","gallery_layout":"thumbnail_slider","media_position":"left","image_zoom":"lightbox","mobile_thumbnails":"show","hide_variants":true,"enable_video_looping":false,"padding_top":12,"padding_bottom":12}},"related-products":{"type":"related-products","disabled":true,"settings":{"heading":"You may also like","heading_size":"h2","products_to_show":9,"columns_desktop":4,"color_scheme":"scheme-1","image_ratio":"square","image_shape":"default","show_secondary_image":true,"show_vendor":false,"show_rating":false,"columns_mobile":"2","padding_top":36,"padding_bottom":28}},"image_with_text_VqVxgL":{"type":"image-with-text","blocks":{"heading_QgPkDt":{"type":"heading","settings":{"heading":"Brake Lines for Ultimate Performance","heading_size":"h2"}},"text_dwwBcw":{"type":"text","settings":{"text":"<p>Upgrade your braking performance with EBC stainless braided brake lines! Unlike traditional rubber brake lines, stainless braided lines deliver a firmer, more responsive brake pedal feel by reducing flex and expansion under pressure. This means greater control, enhanced pedal feedback, and a significant boost in braking confidence—whether you're navigating city streets or pushing your vehicle to its limits. Not only do they improve performance, but their durability and resistance to wear ensure long-lasting reliability. Make the switch today and experience the difference in every stop!<\/p>","text_style":"body"}}},"block_order":["heading_QgPkDt","text_dwwBcw"],"settings":{"image":"shopify:\/\/shop_images\/Auto_Brake_Lines_02_02512b34-4e09-4792-8088-9bcf5bfb2cb0.jpg","height":"small","desktop_image_width":"small","layout":"image_first","desktop_content_position":"top","desktop_content_alignment":"left","content_layout":"no-overlap","section_color_scheme":"","color_scheme":"","image_behavior":"none","mobile_content_alignment":"left","padding_top":36,"padding_bottom":36}},"image_with_text_tGQWJW":{"type":"image-with-text","blocks":{"heading_87LfVe":{"type":"heading","settings":{"heading":"Unmatched Stopping Power & Performance","heading_size":"h2"}},"text_TdKeWr":{"type":"text","settings":{"text":"<p>Take your braking to the next level with EBC Big Brake Kits! Offering a significant upgrade in disc size with 2-piece fully floating rotors and larger 4 or 6-piston calipers, these kits are engineered for ultimate stopping power. The increased rotor size enhances heat dissipation, reducing brake fade under intense use, while the upgraded calipers provide unmatched clamping force for maximum control and responsiveness. Perfect for performance enthusiasts and anyone seeking the best in braking technology, EBC Big Brake Kits are the ultimate choice for safety, style, and performance. Invest in the best—your driving experience deserves it!<\/p>","text_style":"body"}},"button_qrALgL":{"type":"button","settings":{"button_label":"Shop EBC Big Brake Kits","button_link":"shopify:\/\/pages\/ebc-big-brake-kits","button_style_secondary":false}}},"block_order":["heading_87LfVe","text_TdKeWr","button_qrALgL"],"settings":{"image":"shopify:\/\/shop_images\/pucpX9pg.jpg","height":"small","desktop_image_width":"medium","layout":"text_first","desktop_content_position":"top","desktop_content_alignment":"left","content_layout":"no-overlap","section_color_scheme":"scheme-2","color_scheme":"scheme-a1c47543-718d-45fb-b962-3283eec4cfa8","image_behavior":"none","mobile_content_alignment":"left","padding_top":36,"padding_bottom":36}}},"order":["filter_widget_mLnwM3","main","related-products","image_with_text_VqVxgL","image_with_text_tGQWJW"]}