{"sections":{"main":{"type":"main-cart","custom_css":[".notification h3 {margin: 0;}"],"settings":{"cart_show_title":true,"show_notes":true,"show_tax_and_shipping":false,"show_additional_checkout_buttons":true,"show_backorder_text":true,"continue_shopping_page":"","cart_terms_page":"","cart_notification_show":true,"cart_notification_text":"<h3>Can we tempt you?<\/h3>","cart_notification_pos":"under-items","shipping_calculator":false,"shipping_calculator_default_country":"United Kingdom"}}},"order":["main"]}