{"sections":{"main":{"type":"main-collection","settings":{"header_mode":"hidden","height":"natural","height_desktop":350,"height_mobile":250,"image_overlay_style":"standard","text_alignment":"center center","breadcrumb_align":"above_heading","pagination_limit_int":12,"products_per_row":3,"mobile_products_per_row":"1","infinite_scroll_enabled":false,"grid_show_vendor":false,"show_filter_counts":false,"show_filter_deadends":true,"ajax_products":false,"filter_mode":"sidebar","filters_sticky":false,"collapse_filters_method":"over-6","enable_sorting":true,"sort_show_featured":true}},"170714808608aed2df":{"type":"apps","blocks":{"reviews_io_reviewsio_card_carousel_Wy9HPU":{"type":"shopify:\/\/apps\/reviews-io\/blocks\/reviewsio-card-carousel\/92a082e5-b297-4e88-b428-ac96cbc505f9","settings":{"star":"#f49100","review_type":"company","reviews_shown":20,"header_bg_colour":"#f49100","header_colour":"#ffffff","header_star_colour":"#ffffff","heading_text_colour":"#656565","heading_font":"ubuntu_n4","body_text_colour":"#656565","badge_icon_colour":"#f49100","badge_text_colour":"#656565","bg_start_colour":"#ffffff","bg_end_colour":"#ffffff","item_border_width":"0px","item_border_colour":"#000000","item_border_radius":"0px","item_shadow_size":"10px","item_shadow_colour":"#000000","enable_rich_snippets":false,"disable_same_customer":false,"logo_colour":"var(--logo-inverted)"}}},"block_order":["reviews_io_reviewsio_card_carousel_Wy9HPU"],"settings":{}}},"order":["main","170714808608aed2df"]}