{"sections":{"1478797384865":{"type":"slideshow","blocks":{"1478797384865-0":{"type":"image","settings":{"image":"shopify:\/\/shop_images\/january_XL_MAGNET_banner.png","mobile_image":"shopify:\/\/shop_images\/january_XL_MAGNET_mobile_banner.png","subheading":"","title":"","title_size":60,"title_width":10,"heading_h1":false,"text":"","enlarge_text":false,"button_1_link":"shopify:\/\/products\/blank-acrylic-super-magnet-insert-size-152-x-102mm-pack-of-10","button_1_label":"","button_1_style":"link","button_2_link":"","button_2_label":"","button_2_style":"link","text_alignment":"bottom left","mobile_text_alignment":"center left"}}},"block_order":["1478797384865-0"],"custom_css":[".line-3.line-3-two-buttons.cc-animate-init.-in.cc-animate-complete a {background-color: #0cc0df; border: #0cc0df; color: #fff;}",".line-3.line-3-two-buttons a {background-color: #0cc0df; border: #0cc0df; color: #fff;}"],"settings":{"height":"adapt","height_desktop":700,"height_mobile":400,"full_width":false,"mobile_overlay_under":false,"image_overlay_style":"none","slide_transition":"slide","slide_navigation":"arrows","autoplay":false,"autoplay_speed":8}},"200a86be-11c7-4e79-8cc4-ec748862d6c6":{"type":"featured-collection","settings":{"title":"Our Best Sellers","collection":"keyrings","layout":"carousel","products_per_row":4,"mobile_products_per_row":"2","row_count_int":1,"grid_show_vendor":false,"show_view_all":false,"alternate_bg_color":false}},"67ca26a8-011b-44a1-b529-7dda952e4b49":{"type":"featured-collections","blocks":{"template--15948424904871__67ca26a8-011b-44a1-b529-7dda952e4b49-collection-1":{"type":"collection","settings":{"collection":"keyrings"}},"template--15948424904871__67ca26a8-011b-44a1-b529-7dda952e4b49-collection-2":{"type":"collection","settings":{"collection":"magnets"}},"template--15948424904871__67ca26a8-011b-44a1-b529-7dda952e4b49-collection-3":{"type":"collection","settings":{"collection":"coasters"}},"template--15948424904871__67ca26a8-011b-44a1-b529-7dda952e4b49-collection-4":{"type":"collection","settings":{"collection":"badges"}},"85f83c1f-9fb6-4cc9-bb7a-59b6c6b7d807":{"type":"collection","settings":{"collection":"cutters"}},"ad4ed08f-ea01-4191-b9b3-e660b357a6fa":{"type":"collection","settings":{"collection":"fittings"}},"72b6026d-7824-4760-9c36-fd295d89a2d6":{"type":"collection","settings":{"collection":"photo-gift"}},"9eecbdd7-a1f2-4b12-9577-a7ef0158b195":{"type":"collection","settings":{"collection":"cross-stitch"}}},"block_order":["template--15948424904871__67ca26a8-011b-44a1-b529-7dda952e4b49-collection-1","template--15948424904871__67ca26a8-011b-44a1-b529-7dda952e4b49-collection-2","template--15948424904871__67ca26a8-011b-44a1-b529-7dda952e4b49-collection-3","template--15948424904871__67ca26a8-011b-44a1-b529-7dda952e4b49-collection-4","85f83c1f-9fb6-4cc9-bb7a-59b6c6b7d807","ad4ed08f-ea01-4191-b9b3-e660b357a6fa","72b6026d-7824-4760-9c36-fd295d89a2d6","9eecbdd7-a1f2-4b12-9577-a7ef0158b195"],"settings":{"heading":"Browse By Category","layout":"grid","collections_per_row":4,"mobile_collections_per_row":"2","collection_use_prod_image":false,"show_view_all":false,"alternate_bg_color":false}},"149dacf3-cef3-43ff-887a-ca499891c050":{"type":"featured-collection","settings":{"title":"Recommended For You","collection":"keyrings","layout":"carousel","products_per_row":4,"mobile_products_per_row":"2","row_count_int":1,"grid_show_vendor":false,"show_view_all":false,"alternate_bg_color":false}},"de294b03-87e7-47b7-870d-865b194ef36f":{"type":"newsletter","settings":{"heading":"Subscribe to our newsletter","title_size":40,"subtext":"<p>Be the first to know about new products, events and offers. By choosing to sign up, you will join our mailing list. You can opt out at any time.<\/p>","image":"shopify:\/\/shop_images\/newsletter-side.png","color_bg":"#f49100","alternate_bg_color":false,"full_width":false}},"1705316879b3a87701":{"type":"apps","blocks":{"reviews_io_reviewsio_card_carousel_pdtJbU":{"type":"shopify:\/\/apps\/reviews-io\/blocks\/reviewsio-card-carousel\/92a082e5-b297-4e88-b428-ac96cbc505f9","settings":{"star":"#f49100","review_type":"company","reviews_shown":20,"header_bg_colour":"#f49100","header_colour":"#ffffff","header_star_colour":"#ffffff","heading_text_colour":"#656565","heading_font":"ubuntu_n4","body_text_colour":"#656565","badge_icon_colour":"#f49100","badge_text_colour":"#656565","bg_start_colour":"#ffffff","bg_end_colour":"#ffffff","item_border_width":"0px","item_border_colour":"#000000","item_border_radius":"0px","item_shadow_size":"10px","item_shadow_colour":"#000000","enable_rich_snippets":false,"disable_same_customer":false,"logo_colour":"var(--logo-inverted)"}}},"block_order":["reviews_io_reviewsio_card_carousel_pdtJbU"],"settings":{}},"custom_liquid_hYmJ37":{"type":"custom-liquid","disabled":true,"settings":{"no_margins":false,"custom_liquid":"<span class=\"clerk\" data-template=\"@home-page-popular\"><\/span>"}}},"order":["1478797384865","200a86be-11c7-4e79-8cc4-ec748862d6c6","67ca26a8-011b-44a1-b529-7dda952e4b49","149dacf3-cef3-43ff-887a-ca499891c050","de294b03-87e7-47b7-870d-865b194ef36f","1705316879b3a87701","custom_liquid_hYmJ37"]}