{"sections":{"rich_text_fwXzHt":{"type":"rich-text","settings":{"subheading":"","title":"Contact My-Accessories","title_size":40,"heading_h1":true,"text":"","enlarge_text":false,"button_label":"","button_link":"","button_style":"primary","text_alignment":"center","full_width":false,"no_padding":true,"color_bg":"","alternate_bg_color":false}},"main":{"type":"main-contact","settings":{"show_title":false,"content_layout":"left"}},"map_DY9BJr":{"type":"map","settings":{"color_bg":"#f9f7f4","heading":"Where to find us","address":"<p>Unit C9 OYO Business Units,<br\/>187 Park Lane,<br\/>Birmingham,<br\/>B35 6AN<br\/>United Kingdom<\/p><p><strong>Collections<\/strong><br\/>Monday to Friday: 8:30am to 4:00pm<br\/>Bank Holidays: Closed<\/p><p><em>*Please ensure your order has been placed before collecting to enable our warehouse to pick and pack your order.<\/em><\/p>","button":"Directions","show_pin":true,"map_address":"My-accessories.co.uk, Unit C9, 187 Park Ln, Birmingham B35 6AN","api_key":"","map_style":"default","image":"shopify:\/\/shop_images\/346302344_932783601106158_2693588421201319258_n.jpg"}},"custom_liquid_NKNAf9":{"type":"custom-liquid","settings":{"no_margins":false,"custom_liquid":"<iframe src=\"https:\/\/www.google.com\/maps\/embed?pb=!1m18!1m12!1m3!1d2427.6570524999147!2d-1.7774009238071096!3d52.52154523611575!2m3!1f0!2f0!3f0!3m2!1i1024!2i768!4f13.1!3m3!1m2!1s0x4870affc346a3635%3A0x95e82b66221fb07c!2sMy-accessories.co.uk!5e0!3m2!1sen!2suk!4v1707145343179!5m2!1sen!2suk\" width=\"1330\" height=\"460\" style=\"border:0;\" allowfullscreen=\"\" loading=\"lazy\" referrerpolicy=\"no-referrer-when-downgrade\"><\/iframe>"}},"17071442363346555c":{"type":"apps","blocks":{"reviews_io_reviewsio_card_carousel_4jQDYH":{"type":"shopify:\/\/apps\/reviews-io\/blocks\/reviewsio-card-carousel\/92a082e5-b297-4e88-b428-ac96cbc505f9","settings":{"star":"#f49100","review_type":"company","reviews_shown":20,"header_bg_colour":"#f49100","header_colour":"#ffffff","header_star_colour":"#ffffff","heading_text_colour":"#656565","heading_font":"ubuntu_n4","body_text_colour":"#656565","badge_icon_colour":"#f49100","badge_text_colour":"#656565","bg_start_colour":"#ffffff","bg_end_colour":"#ffffff","item_border_width":"0px","item_border_colour":"#000000","item_border_radius":"0px","item_shadow_size":"10px","item_shadow_colour":"#000000","enable_rich_snippets":false,"disable_same_customer":false,"logo_colour":"var(--logo-inverted)"}}},"block_order":["reviews_io_reviewsio_card_carousel_4jQDYH"],"settings":{}}},"order":["rich_text_fwXzHt","main","map_DY9BJr","custom_liquid_NKNAf9","17071442363346555c"]}