{"sections":{"main":{"type":"main-page","disabled":true,"settings":{}},"rich_text_RDRX6t":{"type":"rich-text","settings":{"subheading":"","title":"How to use the Keyringfab System","title_size":40,"heading_h1":true,"text":"","enlarge_text":false,"button_label":"","button_link":"","button_style":"primary","text_alignment":"center","full_width":false,"no_padding":true,"color_bg":"","alternate_bg_color":false}},"image_with_text_CRjeTh":{"type":"image-with-text","custom_css":[".feature-subheader {font-size: 62px; margin-bottom: 0; color: #f49100;}","@media (min-width: 768px) {p {max-width: 60%; float: right; }}"],"settings":{"subheading":"01","title":"Design and print.","text":"<p>Design what you want your keyring to look like and then print them out.<\/p>","button_label":"","button_link":"","button_style":"primary","text_alignment":"right","text_width":50,"image":"shopify:\/\/shop_images\/keyringfab_how_to_image_1.png","image_width":90,"image_position":"right","media_size":"contain","alternate_bg_color":false}},"image_with_text_9Q4Ryi":{"type":"image-with-text","custom_css":[".feature-subheader {font-size: 62px; margin-bottom: 0; color: #f49100;}","@media (min-width: 768px) {p {max-width: 70%; float: left; }}"],"settings":{"subheading":"02","title":"Cut your design.","text":"<p>Attach the cutting matrix to your device and cut out the designs you have printed.<\/p>","button_label":"","button_link":"","button_style":"primary","text_alignment":"left","text_width":50,"image":"shopify:\/\/shop_images\/keyringfab_how_to_image_2.jpg","image_width":90,"image_position":"left","media_size":"contain","alternate_bg_color":false}},"image_with_text_JjikCn":{"type":"image-with-text","custom_css":[".feature-subheader {font-size: 62px; margin-bottom: 0; color: #f49100;}","@media (min-width: 768px) {p {max-width: 70%; float: right; } h2 {max-width: 80%; float: right; }}"],"settings":{"subheading":"03","title":"Put your design in the keyring base.","text":"<p>Place your cut out designs into the base of the keyring and place the clear plastic on top.<\/p>","button_label":"","button_link":"","button_style":"primary","text_alignment":"right","text_width":50,"image":"shopify:\/\/shop_images\/how_to_updated_image_3.png","image_width":90,"image_position":"right","media_size":"contain","alternate_bg_color":false}},"image_with_text_NCfM7c":{"type":"image-with-text","custom_css":[".feature-subheader {font-size: 62px; margin-bottom: 0; color: #f49100;}","@media (min-width: 768px) {p {max-width: 70%; float: left; }}"],"settings":{"subheading":"04","title":"Apply pressure.","text":"<p>Remove the cutting matrix from the machine and attach the assembly tool. Put your keyring in the machine and add pressure. Now you have your completed Keyring.<\/p>","button_label":"","button_link":"","button_style":"primary","text_alignment":"left","text_width":50,"image":"shopify:\/\/shop_images\/keyringfab_how_to_image_4.jpg","image_width":90,"image_position":"left","media_size":"contain","alternate_bg_color":false}},"video_abgzKU":{"type":"video","settings":{"video_external":"https:\/\/www.youtube.com\/watch?v=wadwrO20jhg&ab_channel=My-accessories.co.uk","image":"shopify:\/\/shop_images\/Photo_23-06-2023_12_11_10.jpg","subheading":"","title":"Video Tutorial","title_size":40,"title_width":10,"heading_h1":false,"text":"<p>We've made a short video tutorial on how you can make your own keyrings.<\/p>","enlarge_text":false,"text_alignment":"center center","full_width":false,"image_overlay_style":"standard"}},"custom_liquid_jUpXyr":{"type":"custom-liquid","settings":{"no_margins":false,"custom_liquid":"<style>\n.keyfab-faq {\nbackground-color: #f8f7f3;\npadding: 20px\n}\n.accordion {\n  font-family: \"Bree Serif\",serif;\n  color: #656565;\n  cursor: pointer;\n  padding: 14px;\n  width: 100%;\n  text-align: left;\n  outline: none;\n  font-size: 18px;\n  transition: 0.4s;\n  border: 1px solid #fff;\n  border-radius: 0;\n  background-color: transparent;\n  margin: 4px 0;\n}\n\n.panel {\n  padding: 10px 18px 0 18px;\n  display: none;\n  background-color: #fff;\n  overflow: hidden;\n}\n\n.accordion:after {\n  content: '\\002B';\n  color: #656565;\n  font-weight: bold;\n  float: right;\n  margin-left: 5px;\n}\n\n.faqopen:after {\n  content: \"\\2212\";\n}\n<\/style>\n\n<div class=\"keyfab-faq\">\n<h2>FAQ<\/h2>\n\n<button class=\"accordion\">How do you produce your artwork?<\/button>\n<div class=\"panel\">\n  <p>We provide templates for most of our sizes, these are available in several formats including EPS and PDF format. Please contact us if the required template is not available and we will do our best to put one in place.<\/p>\n<\/div>\n\n<button class=\"accordion\">What paper do you recommend to print onto?<\/button>\n<div class=\"panel\">\n  <p>We always say that the quality of the print will determine the quality of the end product, so we recommend you use a 110\/120gsm paper.<\/p>\n<\/div>\n\n<button class=\"accordion\">What type of printer do you recommend your artwork should be printed with?<\/button>\n<div class=\"panel\">\n  <p>There are many printers on the market and the big question is always inkjet or laser. A good quality laser printer will do the job, but if you have the choice then we recommend an inkjet printer to get a good depth of print colour. Inkjet printers are very readily available with a budget to suit all pockets depending on print speed and paper size etc. A print size of A4 is recommended and these are the most common size.<\/p>\n<\/div>\n\n<button class=\"accordion\">Where do you purchase the items for the keyringfab system?<\/button>\n<div class=\"panel\">\n  <p><a href=\"\/collections\/keyringfab-system-keyrings\">Keyrings<\/a><br>\n<a href=\"\/collections\/keyringfab-system-badges\">Badges<\/a><br>\n<a href=\"\/collections\/keyringfab-cutters\">Cutters<\/a><br><\/p>\n<\/div>\n\n<button class=\"accordion\">Still have a further question?<\/button>\n<div class=\"panel\">\n  <p>Call our friendly customer service team on <a href=\"tel:01217481784\">0121 748 1784<\/a> and they will be happy to help.<\/p>\n<\/div>\n<\/div>\n\n<script>\nvar acc = document.getElementsByClassName(\"accordion\");\nvar i;\n\nfor (i = 0; i < acc.length; i++) {\n  acc[i].addEventListener(\"click\", function() {\n    this.classList.toggle(\"faqopen\");\n    var panel = this.nextElementSibling;\n    if (panel.style.display === \"block\") {\n      panel.style.display = \"none\";\n    } else {\n      panel.style.display = \"block\";\n    }\n  });\n}\n<\/script>"}},"rich_text_HyERy9":{"type":"rich-text","custom_css":["@media (min-width: 768px) {.rich-text-section__text .button-container {margin-top: 0; }}"],"settings":{"subheading":"","title":"See what great offers we have on the Keyringfab range","title_size":32,"heading_h1":false,"text":"","enlarge_text":false,"button_label":"Find out more","button_link":"shopify:\/\/collections\/keyringfab-system-keyrings","button_style":"primary","text_alignment":"center","full_width":true,"no_padding":true,"color_bg":"","alternate_bg_color":false}},"17071396895b54b0da":{"type":"apps","blocks":{"reviews_io_reviewsio_card_carousel_HNYGH4":{"type":"shopify:\/\/apps\/reviews-io\/blocks\/reviewsio-card-carousel\/92a082e5-b297-4e88-b428-ac96cbc505f9","settings":{"star":"#f49100","review_type":"company","reviews_shown":20,"header_bg_colour":"#f49100","header_colour":"#ffffff","header_star_colour":"#ffffff","heading_text_colour":"#656565","heading_font":"ubuntu_n4","body_text_colour":"#656565","badge_icon_colour":"#f49100","badge_text_colour":"#656565","bg_start_colour":"#ffffff","bg_end_colour":"#ffffff","item_border_width":"0px","item_border_colour":"#000000","item_border_radius":"0px","item_shadow_size":"10px","item_shadow_colour":"#000000","enable_rich_snippets":false,"disable_same_customer":false,"logo_colour":"var(--logo-inverted)"}}},"block_order":["reviews_io_reviewsio_card_carousel_HNYGH4"],"settings":{}}},"order":["main","rich_text_RDRX6t","image_with_text_CRjeTh","image_with_text_9Q4Ryi","image_with_text_JjikCn","image_with_text_NCfM7c","video_abgzKU","custom_liquid_jUpXyr","rich_text_HyERy9","17071396895b54b0da"]}