{"sections":{"main":{"type":"main-page","settings":{}},"17071482504b37a220":{"type":"apps","blocks":{"reviews_io_reviewsio_card_carousel_6TNqUh":{"type":"shopify:\/\/apps\/reviews-io\/blocks\/reviewsio-card-carousel\/92a082e5-b297-4e88-b428-ac96cbc505f9","settings":{"star":"#f08f35","review_type":"company","reviews_shown":20,"header_bg_colour":"#f08f35","header_colour":"#fff","header_star_colour":"#fff","heading_text_colour":"#656565","heading_font":"ubuntu_n4","body_text_colour":"#656565","badge_icon_colour":"#f08f35","badge_text_colour":"#656565","bg_start_colour":"#ffffff","bg_end_colour":"#ffffff","item_border_width":"0px","item_border_colour":"rgba(0,0,0,0.05)","item_border_radius":"0px","item_shadow_size":"10px","item_shadow_colour":"rgba(0,0,0,0.05)","enable_rich_snippets":false,"disable_same_customer":false,"logo_colour":"var(--logo-inverted)"}}},"block_order":["reviews_io_reviewsio_card_carousel_6TNqUh"],"settings":{}}},"order":["main","17071482504b37a220"]}