{"sections":{"main":{"type":"2-column-layout","blocks":{"a461c2df-b21a-4b8b-a2c0-818a8b6137f0":{"type":"sku","settings":{}},"title":{"type":"title","settings":{"heading_h1":true}},"0fa537fe-368c-4c2c-adf2-bd42e328a88b":{"type":"text","settings":{"text":"<p>{{ product.metafields.custom.product_bullet_1 | metafield_tag }}{{ product.metafields.custom.product_bullet_2 | metafield_tag }}{{ product.metafields.custom.product_bullet_3 | metafield_tag }}{{ product.metafields.custom.product_bullet_4 | metafield_tag }}{{ product.metafields.custom.product_bullet_5 | metafield_tag }}<\/p>","show_in_quickbuy":false}},"price":{"type":"price","settings":{"show_tax_and_shipping":false}},"variant_picker":{"type":"variant_picker","settings":{"prod_clicky_opt_names":"","stock_warning_show":true,"stock_warning_limit":5,"show_size_chart":false,"size_chart_variant":"Size","size_chart_page":""}},"buy_buttons":{"type":"buy_buttons","settings":{"enable_payment_button":false,"show_pickup_availability":false,"show_backorder_text":false,"show_gift_card_recipient":false}},"19ad8e79-97ec-4441-82d1-8d4e21b937e1":{"type":"text","settings":{"text":"","show_in_quickbuy":false}},"description":{"type":"description","disabled":true,"settings":{"show_in_quickbuy":true,"display":"tab_open"}},"0e800d30-af11-4b31-8bf3-f80cd407ace0":{"type":"accordion","settings":{"title":"Specification","content":"","page":"","open":false,"show_in_quickbuy":false}},"ed85bf18-b119-4bb0-b538-4ca8388d898f":{"type":"accordion","disabled":true,"settings":{"title":"Delivery","content":"<p><strong>UK Delivery<\/strong><\/p><ul><li>Orders over £120 FREE delivery - UK Mainland Addresses<\/li><li>Same day despatch if ordered by midday 2.00pm GMT Mon-Fri<\/li><li>Despatched via 1st Class Post or Courier (dependent upon weight)<\/li><li>One hour delivery slot available for courier deliveries<\/li><li>Over 1 million products in stock ready for immediate despatch<\/li><li>Highlands & Islands, Channel Islands, Isle of Man & Northern Ireland, orders over £100 delivery only £8.95<\/li><\/ul><p><strong>European\/Worldwide Delivery<\/strong><\/p><ul><li>Competitive international carriage rates<\/li><li>Same day despatch if ordered by midday 2.00pm GMT<\/li><li>Despatched via Airmail or Courier (dependent upon weight)<\/li><li>Most European\/Worldwide destinations, delivery timescale 3-7 working days<\/li><li>Over 1 million products in stock ready for immediate despatch<\/li><\/ul><p>Please note that recipients outside the UK will be responsible for any IMPORT DUTIES, CLEARANCE FEES or BROKERAGE fees including any other additional charges. We operate on a DDU (Delivered Duty Unpaid) basis. This is managed by our carriers DPD on a 'Pay on delivery' basis. Sometimes goods may be subject to delays, due to customs or weather. The customer is also responsible for providing any information required by customs to ensure the goods are cleared. Please note that we are unable to refund any duty paid on any items returned to us either faulty or unsuitable as this is a contract between the purchaser and own county Customs and Excise<\/p><p><a href=\"https:\/\/www.my-accessories.co.uk\/about\/delivery\">For our full delivery terms and conditions please click here<\/a><\/p>","page":"","open":false,"show_in_quickbuy":true}}},"block_order":["a461c2df-b21a-4b8b-a2c0-818a8b6137f0","title","0fa537fe-368c-4c2c-adf2-bd42e328a88b","price","variant_picker","buy_buttons","19ad8e79-97ec-4441-82d1-8d4e21b937e1","description","0e800d30-af11-4b31-8bf3-f80cd407ace0","ed85bf18-b119-4bb0-b538-4ca8388d898f"],"settings":{"page_width":"wide","description_below":false,"show_reviews":false,"enable_video_looping":false,"enable_product_image_zoom":false,"mobile_slideshow_navigation":"dots"}},"product_tabber_and_table_MNgycM":{"type":"product-tabber-and-table","settings":{}},"1707148129c963981a":{"type":"apps","blocks":{"reviews_io_reviewsio_card_carousel_PHYLni":{"type":"shopify:\/\/apps\/reviews-io\/blocks\/reviewsio-card-carousel\/92a082e5-b297-4e88-b428-ac96cbc505f9","settings":{"star":"#f08f35","review_type":"product_current","reviews_shown":20,"header_bg_colour":"#f08f35","header_colour":"#ffffff","header_star_colour":"#ffffff","heading_text_colour":"#656565","heading_font":"ubuntu_n4","body_text_colour":"#656565","badge_icon_colour":"#f08f35","badge_text_colour":"#656565","bg_start_colour":"#ffffff","bg_end_colour":"#ffffff","item_border_width":"0px","item_border_colour":"#000000","item_border_radius":"0px","item_shadow_size":"10px","item_shadow_colour":"#000000","enable_rich_snippets":false,"disable_same_customer":false,"logo_colour":"var(--logo-inverted)"}}},"block_order":["reviews_io_reviewsio_card_carousel_PHYLni"],"settings":{}},"product-recommendations":{"type":"product-recommendations","settings":{"recommendations_title":"Not quite right? Similar Products","grid_show_vendor":false,"products_per_row":4}}},"order":["main","product_tabber_and_table_MNgycM","1707148129c963981a","product-recommendations"]}